path,bytes,MB,classification,git_recommendation
.gitignore,195,0.000,OK,OK_TO_STAGE
audit/DEPENDENCY_TRACE.csv,1560,0.002,OK,OK_TO_STAGE
audit/EXCLUDED_FILES.csv,1277,0.001,OK,OK_TO_STAGE
audit/FILE_SIZE_AUDIT.csv,6804,0.007,OK,OK_TO_STAGE
audit/INCLUDED_FILES.csv,30701,0.031,OK,OK_TO_STAGE
audit/LICENSE_AUDIT.csv,1233,0.001,OK,OK_TO_STAGE
audit/PATH_PORTABILITY_AUDIT.md,252,0.000,OK,OK_TO_STAGE
audit/PORTABILITY_PATCHES.csv,849,0.001,OK,OK_TO_STAGE
audit/RELEASE_AUDIT.md,463,0.000,OK,OK_TO_STAGE
audit/REPRODUCTION_SMOKE_TEST.md,611,0.001,OK,OK_TO_STAGE
audit/SECRETS_SCAN.md,118,0.000,OK,OK_TO_STAGE
audit/THIRD_PARTY_CODE_AUDIT.md,434,0.000,OK,OK_TO_STAGE
CITATION.cff,618,0.001,OK,OK_TO_STAGE
CODE_PROVENANCE.md,299,0.000,OK,OK_TO_STAGE
configs/canonical/TP2M4A_CANONICAL_PROTOCOL_MANIFEST_RECONCILED.json,17652,0.018,OK,OK_TO_STAGE
configs/intervention/TP2M4B2_R1_MATCHED_COHORT_FREEZE.json,2399,0.002,OK,OK_TO_STAGE
configs/multiarchitecture/TP2M5A_MULTIARCH_PROTOCOL_FREEZE.json,7286,0.007,OK,OK_TO_STAGE
configs/multiarchitecture/TP2M5A_RECEIVER_PARAMETER_AUDIT.csv,474,0.000,OK,OK_TO_STAGE
configs/multiarchitecture/TP2M5A_STATIC_INTERFACE_QA.csv,663,0.001,OK,OK_TO_STAGE
data/dengue/Dengue7_daily_notifications.csv,190116,0.190,OK,OK_TO_STAGE
data/electricity/Electricity37_daily_load.csv,784608,0.785,OK,OK_TO_STAGE
data/README.md,103,0.000,OK,OK_TO_STAGE
data/who/WHO31_external_daily_new_cases.csv,830809,0.831,OK,OK_TO_STAGE
DATA_LICENSES.md,1351,0.001,OK,OK_TO_STAGE
DATA_PROVENANCE.md,401,0.000,OK,OK_TO_STAGE
environment-lock.txt,15697,0.016,OK,OK_TO_STAGE
full_reproduction/README.md,658,0.001,OK,OK_TO_STAGE
full_reproduction/run_functional_audit.py,178,0.000,OK,OK_TO_STAGE
full_reproduction/run_receiver_transfer.py,197,0.000,OK,OK_TO_STAGE
full_reproduction/run_structural_audit.py,178,0.000,OK,OK_TO_STAGE
full_reproduction/train_gru_external.py,210,0.000,OK,OK_TO_STAGE
full_reproduction/train_reference_lstm.py,234,0.000,OK,OK_TO_STAGE
full_reproduction/train_transformer_external.py,218,0.000,OK,OK_TO_STAGE
LICENSE,1301,0.001,OK,OK_TO_STAGE
manifests/checkpoints/README.md,228,0.000,OK,OK_TO_STAGE
manifests/checkpoints/TP2M4D_RECEIVER_BANK_HASHES.txt,3323,0.003,OK,OK_TO_STAGE
manifests/checkpoints/TP2M4D_RECEIVER_BANK_MANIFEST.csv,9192,0.009,OK,OK_TO_STAGE
manifests/checkpoints/TP2M5B_GRU_RECEIVER_BANK_HASHES.txt,37109,0.037,OK,OK_TO_STAGE
manifests/checkpoints/TP2M5B_GRU_RECEIVER_BANK_MANIFEST.csv,115754,0.116,OK,OK_TO_STAGE
manifests/checkpoints/TP2M5C_TRANSFORMER_RECEIVER_BANK_HASHES.txt,38909,0.039,OK,OK_TO_STAGE
manifests/checkpoints/TP2M5C_TRANSFORMER_RECEIVER_BANK_MANIFEST.csv,119316,0.119,OK,OK_TO_STAGE
manifests/cohorts/DATASET_MANIFEST.csv,1100,0.001,OK,OK_TO_STAGE
manifests/cohorts/Dengue7_series_manifest.csv,1065,0.001,OK,OK_TO_STAGE
manifests/cohorts/Electricity37_series_manifest.csv,7656,0.008,OK,OK_TO_STAGE
manifests/cohorts/WHO37_series_manifest.csv,4913,0.005,OK,OK_TO_STAGE
manifests/executability/TP2M5A_INPUT_AUTHORITY_MANIFEST.csv,4094,0.004,OK,OK_TO_STAGE
MODEL_ARCHITECTURES.md,1076,0.001,OK,OK_TO_STAGE
README.md,3118,0.003,OK,OK_TO_STAGE
REPRODUCIBILITY.md,645,0.001,OK,OK_TO_STAGE
requirements.txt,89,0.000,OK,OK_TO_STAGE
results/functional/TP2M4C_R1_SERIES_LEVEL_TP2D_SUMMARY.json,1569,0.002,OK,OK_TO_STAGE
results/functional/TP2M4D_FUNCTIONAL_PER_MODEL.csv,2519,0.003,OK,OK_TO_STAGE
results/functional/TP2M4D_TP2D_SERIES_SUMMARY.csv,1642,0.002,OK,OK_TO_STAGE
results/functional/TP2M5B_R1_GRU_VS_LSTM_FUNCTIONAL_COMMON_CORE.csv,1785,0.002,OK,OK_TO_STAGE
results/functional/TP2M5C_MULTIARCH_FUNCTIONAL_COMMON_CORE.csv,2501,0.003,OK,OK_TO_STAGE
results/intervention/TP2M4B2_R1_COUNTRY_RESULT_MATRIX.csv,10776,0.011,OK,OK_TO_STAGE
results/intervention/TP2M4B2_R1_GATE_TABLE_STRICT_AND_BOUNDARY_AWARE.csv,877,0.001,OK,OK_TO_STAGE
results/intervention/TP2M4E_C_WHO_INTERVENTION_GATES.csv,1818,0.002,OK,OK_TO_STAGE
results/manuscript/TP2M4C_R1_TAXONOMY_PHENOTYPE_CROSSTAB.csv,784,0.001,OK,OK_TO_STAGE
results/manuscript/TP2M5B_R1_GRU_FORECAST_SERIES_SUMMARY.csv,12689,0.013,OK,OK_TO_STAGE
results/manuscript/TP2M5C_TRANSFORMER_FORECAST_SERIES_SUMMARY.csv,9323,0.009,OK,OK_TO_STAGE
results/structural/TP2M4C_R1_SERIES_LEVEL_LATENT_SUMMARY.json,844,0.001,OK,OK_TO_STAGE
results/structural/TP2M4D_LATENT_SERIES_SUMMARY.csv,844,0.001,OK,OK_TO_STAGE
results/structural/TP2M5B_R1_GRU_VS_LSTM_STRUCTURAL_REFERENCE.csv,1919,0.002,OK,OK_TO_STAGE
results/structural/TP2M5C_MULTIARCH_STRUCTURAL_REFERENCE.csv,2730,0.003,OK,OK_TO_STAGE
RESULTS_PROVENANCE.md,286,0.000,OK,OK_TO_STAGE
scripts/reproduce_figures.py,2093,0.002,OK,OK_TO_STAGE
scripts/reproduce_tables.py,1041,0.001,OK,OK_TO_STAGE
scripts/smoke_test_models.py,1938,0.002,OK,OK_TO_STAGE
scripts/verify_data_hashes.py,951,0.001,OK,OK_TO_STAGE
scripts/verify_environment.py,816,0.001,OK,OK_TO_STAGE
scripts/verify_protocol.py,1207,0.001,OK,OK_TO_STAGE
SHA256SUMS.txt,10805,0.011,OK,OK_TO_STAGE
src/__init__.py,0,0.000,OK,OK_TO_STAGE
src/functional_audit/tp2d/__init__.py,11,0.000,OK,OK_TO_STAGE
src/functional_audit/tp2d/functional_math.py,2955,0.003,OK,OK_TO_STAGE
src/intervention/tp2f/__init__.py,118,0.000,OK,OK_TO_STAGE
src/intervention/tp2f/alignment.py,3582,0.004,OK,OK_TO_STAGE
src/intervention/tp2f/functional_effect.py,3090,0.003,OK,OK_TO_STAGE
src/intervention/tp2f/latent_disabled.py,1337,0.001,OK,OK_TO_STAGE
src/intervention/tp2f/losses.py,935,0.001,OK,OK_TO_STAGE
src/intervention/tp2f/receivers.py,4065,0.004,OK,OK_TO_STAGE
src/intervention/tp2f/screening.py,1118,0.001,OK,OK_TO_STAGE
src/latent_alignment/tp2b/__init__.py,61,0.000,OK,OK_TO_STAGE
src/latent_alignment/tp2b/stability_math.py,5611,0.006,OK,OK_TO_STAGE
src/models/__init__.py,0,0.000,OK,OK_TO_STAGE
src/models/__pycache__/__init__.cpython-39.pyc,173,0.000,OK,OK_TO_STAGE
src/models/__pycache__/controlled_receivers.cpython-39.pyc,5468,0.005,OK,OK_TO_STAGE
src/models/controlled_receivers.py,4194,0.004,OK,OK_TO_STAGE
src/models/tarela_py2/__init__.py,240,0.000,OK,OK_TO_STAGE
src/models/tarela_py2/__pycache__/__init__.cpython-39.pyc,430,0.000,OK,OK_TO_STAGE
src/models/tarela_py2/__pycache__/config.cpython-39.pyc,4172,0.004,OK,OK_TO_STAGE
src/models/tarela_py2/__pycache__/model_tf.cpython-39.pyc,4645,0.005,OK,OK_TO_STAGE
src/models/tarela_py2/__pycache__/prepare.cpython-39.pyc,8139,0.008,OK,OK_TO_STAGE
src/models/tarela_py2/config.py,3663,0.004,OK,OK_TO_STAGE
src/models/tarela_py2/losses_tf.py,2346,0.002,OK,OK_TO_STAGE
src/models/tarela_py2/math_reference.py,1721,0.002,OK,OK_TO_STAGE
src/models/tarela_py2/model_tf.py,3980,0.004,OK,OK_TO_STAGE
src/models/tarela_py2/prepare.py,9506,0.010,OK,OK_TO_STAGE
src/models/tarela_py2/training_tf.py,15514,0.016,OK,OK_TO_STAGE
src/preprocessing/tarela_py1/__init__.py,478,0.000,OK,OK_TO_STAGE
src/preprocessing/tarela_py1/pipeline.py,30502,0.031,OK,OK_TO_STAGE
