series_id,seed,window,variant,status,best_epoch,best_validation_MSE,checkpoint_path,checkpoint_SHA256,configuration_SHA256,dataset_SHA256,pretraining_freeze_sha256,weights_frozen
Kaohsiung City,42,W05,TP1D_C1_DENGUE_RECEIVER,PASS,2,3.202446222305298,experiment://TP2M4D/outputs/receiver_bank/seed_42/kaohsiung_city/w05/checkpoint.weights.h5,5bfe5bdbf33001915f19b8b54dd055f9bdb48391ab1ff8f046a4c57a803a985f,c585dc373fcedac080e2e045b68cae01d431460e4e217b0d65dd8e40bdbf9d89,24f09a7ac8f32f9eb5213d809bf1b30c1e0621aaac183337b1c86dc80f5a4a1b,855d5f6d53eb3ba931b3a7f72d2a23fbcb37236c3030cf94423ff95b70c386ed,TRUE
New Taipei City,42,W05,TP1D_C1_DENGUE_RECEIVER,PASS,16,3.9947147369384766,experiment://TP2M4D/outputs/receiver_bank/seed_42/new_taipei_city/w05/checkpoint.weights.h5,e020e127b88dda6bd0b8d0f0602a763b0261fef428e2b17ed7f1a34dca13d859,7c5548630d74de4e15b6893014f58a8ebdfa2bed88cb22f7e26885a66141867e,24f09a7ac8f32f9eb5213d809bf1b30c1e0621aaac183337b1c86dc80f5a4a1b,855d5f6d53eb3ba931b3a7f72d2a23fbcb37236c3030cf94423ff95b70c386ed,TRUE
Pingtung County,42,W05,TP1D_C1_DENGUE_RECEIVER,PASS,2,1.525931715965271,experiment://TP2M4D/outputs/receiver_bank/seed_42/pingtung_county/w05/checkpoint.weights.h5,dcd8986d84658ecacde9e73eeeaaf47b15528175d0e0141b2c0301960e8373f5,11c2a8b08605b149950c0a8bcd70d48025af5d28e847884603a58c9ec97ae31c,24f09a7ac8f32f9eb5213d809bf1b30c1e0621aaac183337b1c86dc80f5a4a1b,855d5f6d53eb3ba931b3a7f72d2a23fbcb37236c3030cf94423ff95b70c386ed,TRUE
Taichung City,42,W05,TP1D_C1_DENGUE_RECEIVER,PASS,10,2.3806955814361572,experiment://TP2M4D/outputs/receiver_bank/seed_42/taichung_city/w05/checkpoint.weights.h5,f662a518927d53c4b3f44ff48ba6c7ec1ea4bc50ce7e3aea8bddcead26c0d28a,8a440cd3eb0658acb3eac59d332531ea65439e7b238d55667836ce2f64e01d70,24f09a7ac8f32f9eb5213d809bf1b30c1e0621aaac183337b1c86dc80f5a4a1b,855d5f6d53eb3ba931b3a7f72d2a23fbcb37236c3030cf94423ff95b70c386ed,TRUE
Tainan City,42,W05,TP1D_C1_DENGUE_RECEIVER,PASS,1,1.5688737630844116,experiment://TP2M4D/outputs/receiver_bank/seed_42/tainan_city/w05/checkpoint.weights.h5,1ec14f83e5223361bca6fcb1a9294e8d0916e2e7b1db0f86a20bf05f50eb05a6,d07b980201432a780bcf6544f1a61d2dee14c923e8051b1b4cf1159142ddcb77,24f09a7ac8f32f9eb5213d809bf1b30c1e0621aaac183337b1c86dc80f5a4a1b,855d5f6d53eb3ba931b3a7f72d2a23fbcb37236c3030cf94423ff95b70c386ed,TRUE
Taipei City,42,W05,TP1D_C1_DENGUE_RECEIVER,PASS,15,2.731348752975464,experiment://TP2M4D/outputs/receiver_bank/seed_42/taipei_city/w05/checkpoint.weights.h5,2a84630251abcb25aa7baa5360b5a5774da96ba7e30f9a6042518b4918899342,992ea51f281ecb47f59c7f8c098035fae139077598cd9e555bc4784de6254ede,24f09a7ac8f32f9eb5213d809bf1b30c1e0621aaac183337b1c86dc80f5a4a1b,855d5f6d53eb3ba931b3a7f72d2a23fbcb37236c3030cf94423ff95b70c386ed,TRUE
Yunlin County,42,W05,TP1D_C1_DENGUE_RECEIVER,PASS,4,1.271053433418274,experiment://TP2M4D/outputs/receiver_bank/seed_42/yunlin_county/w05/checkpoint.weights.h5,5b0bc8463c535d6ee0ee46e32a9ba072b8f8a4aa790ba4bd10a1bcbc033cf3ee,b644dce77c470eff6f4ebd4088254625b951fab5c391fa7e501fe20e819a39b8,24f09a7ac8f32f9eb5213d809bf1b30c1e0621aaac183337b1c86dc80f5a4a1b,855d5f6d53eb3ba931b3a7f72d2a23fbcb37236c3030cf94423ff95b70c386ed,TRUE
Kaohsiung City,123,W05,TP1D_C1_DENGUE_RECEIVER,PASS,2,3.193340539932251,experiment://TP2M4D/outputs/receiver_bank/seed_123/kaohsiung_city/w05/checkpoint.weights.h5,b57a848d4e149c8c279d9fcf05c913e99e1c3e41a35aaffffc877bdbad3169ac,194fb5ed12b95be6c59febb544388efaf8fe019a888786ee6e73f517d72836a0,24f09a7ac8f32f9eb5213d809bf1b30c1e0621aaac183337b1c86dc80f5a4a1b,855d5f6d53eb3ba931b3a7f72d2a23fbcb37236c3030cf94423ff95b70c386ed,TRUE
New Taipei City,123,W05,TP1D_C1_DENGUE_RECEIVER,PASS,6,4.226917743682861,experiment://TP2M4D/outputs/receiver_bank/seed_123/new_taipei_city/w05/checkpoint.weights.h5,a3e52d32a31ee40e0618a905f01cb274bb20595b223da9ea7155389664dd2b0e,f9753d263c5fd9cba64b3cdf1872128030540b5a3a9c0bb87360d7c7c66d6295,24f09a7ac8f32f9eb5213d809bf1b30c1e0621aaac183337b1c86dc80f5a4a1b,855d5f6d53eb3ba931b3a7f72d2a23fbcb37236c3030cf94423ff95b70c386ed,TRUE
Pingtung County,123,W05,TP1D_C1_DENGUE_RECEIVER,PASS,2,1.5656709671020508,experiment://TP2M4D/outputs/receiver_bank/seed_123/pingtung_county/w05/checkpoint.weights.h5,17739ed4ed3956f1e57cbf2a929570c90d5e8751d19af011a46e3bf9153eb0c6,584093732862725e8f9bd0fdddc4b066bfc8fc40f132120e18418951cf65525e,24f09a7ac8f32f9eb5213d809bf1b30c1e0621aaac183337b1c86dc80f5a4a1b,855d5f6d53eb3ba931b3a7f72d2a23fbcb37236c3030cf94423ff95b70c386ed,TRUE
Taichung City,123,W05,TP1D_C1_DENGUE_RECEIVER,PASS,9,2.2971699237823486,experiment://TP2M4D/outputs/receiver_bank/seed_123/taichung_city/w05/checkpoint.weights.h5,583160fd09ce00ea376d2d72c43e6d540b0af6d7a7c55d5905eec1f1f4244253,ea8a9d539d23905157abf022838fa14dd994b4fd3ab67ad983e6605dcc5f8ca1,24f09a7ac8f32f9eb5213d809bf1b30c1e0621aaac183337b1c86dc80f5a4a1b,855d5f6d53eb3ba931b3a7f72d2a23fbcb37236c3030cf94423ff95b70c386ed,TRUE
Tainan City,123,W05,TP1D_C1_DENGUE_RECEIVER,PASS,1,1.366768717765808,experiment://TP2M4D/outputs/receiver_bank/seed_123/tainan_city/w05/checkpoint.weights.h5,d196276660839d0065bd7ea51d91bb05e16c2b1bcaca5fa31a75793f61db6840,6be518d91672088e4da84eeea44e22fc382d73ba187d75499068049f3365bdfa,24f09a7ac8f32f9eb5213d809bf1b30c1e0621aaac183337b1c86dc80f5a4a1b,855d5f6d53eb3ba931b3a7f72d2a23fbcb37236c3030cf94423ff95b70c386ed,TRUE
Taipei City,123,W05,TP1D_C1_DENGUE_RECEIVER,PASS,2,2.9066238403320312,experiment://TP2M4D/outputs/receiver_bank/seed_123/taipei_city/w05/checkpoint.weights.h5,17ab0b2caf78647cc75392e92fc6e1cc423bb7309ce3539e67d1c3db79a28df0,b2113ba5ce321714c4f2048d377a4b97be0d6b86c6a8d2c3d160ec43624fd953,24f09a7ac8f32f9eb5213d809bf1b30c1e0621aaac183337b1c86dc80f5a4a1b,855d5f6d53eb3ba931b3a7f72d2a23fbcb37236c3030cf94423ff95b70c386ed,TRUE
Yunlin County,123,W05,TP1D_C1_DENGUE_RECEIVER,PASS,6,1.2818033695220947,experiment://TP2M4D/outputs/receiver_bank/seed_123/yunlin_county/w05/checkpoint.weights.h5,5ad0b3d1cb47380ee43b82411f166bbfdd75532b9288b19f682cc277ec9dca9f,387f630046fa8c0ac23d132fc6f6f8e857ad575e8314e2d2d1b4c742f2e17ecc,24f09a7ac8f32f9eb5213d809bf1b30c1e0621aaac183337b1c86dc80f5a4a1b,855d5f6d53eb3ba931b3a7f72d2a23fbcb37236c3030cf94423ff95b70c386ed,TRUE
Kaohsiung City,2025,W05,TP1D_C1_DENGUE_RECEIVER,PASS,10,3.199985980987549,experiment://TP2M4D/outputs/receiver_bank/seed_2025/kaohsiung_city/w05/checkpoint.weights.h5,fb23e6feb868d596d7fa2e3be412efd86b71f556d8d172f8ab9025ba46cd1a35,f3c0733f3e3d3d25ac7fd28925a1014c797b3313bd2863186015600460f9e0cd,24f09a7ac8f32f9eb5213d809bf1b30c1e0621aaac183337b1c86dc80f5a4a1b,855d5f6d53eb3ba931b3a7f72d2a23fbcb37236c3030cf94423ff95b70c386ed,TRUE
New Taipei City,2025,W05,TP1D_C1_DENGUE_RECEIVER,PASS,8,4.262765407562256,experiment://TP2M4D/outputs/receiver_bank/seed_2025/new_taipei_city/w05/checkpoint.weights.h5,78f4f86a0d978d9cd9e6cdd088f1ce8503f33b65fcfb9b88804b4b7d45896b22,fb85dbc3f70a47b31b9cdf10b972d8f44d50f7cd6ea96b73d1336ee62da027ae,24f09a7ac8f32f9eb5213d809bf1b30c1e0621aaac183337b1c86dc80f5a4a1b,855d5f6d53eb3ba931b3a7f72d2a23fbcb37236c3030cf94423ff95b70c386ed,TRUE
Pingtung County,2025,W05,TP1D_C1_DENGUE_RECEIVER,PASS,2,1.6694934368133545,experiment://TP2M4D/outputs/receiver_bank/seed_2025/pingtung_county/w05/checkpoint.weights.h5,c350bbe23ca9a09b6f728d99c093afe2a6f4059cd5a5e3e032c1b9f7f0e77ef9,71f3b6e626ca5e07bc6aac2f0e5b585f662a911b8c40fbdd8ade9c5e2b74eda8,24f09a7ac8f32f9eb5213d809bf1b30c1e0621aaac183337b1c86dc80f5a4a1b,855d5f6d53eb3ba931b3a7f72d2a23fbcb37236c3030cf94423ff95b70c386ed,TRUE
Taichung City,2025,W05,TP1D_C1_DENGUE_RECEIVER,PASS,13,2.3933117389678955,experiment://TP2M4D/outputs/receiver_bank/seed_2025/taichung_city/w05/checkpoint.weights.h5,7419939894ff4d73440ae99ec9e9f24cca411bc29f7fa3cfd99980ce07d33cbf,93a8d9d87c41d1a9787e4693645d68ea845a09d42a44cbf43f4b5e0e6b00dd73,24f09a7ac8f32f9eb5213d809bf1b30c1e0621aaac183337b1c86dc80f5a4a1b,855d5f6d53eb3ba931b3a7f72d2a23fbcb37236c3030cf94423ff95b70c386ed,TRUE
Tainan City,2025,W05,TP1D_C1_DENGUE_RECEIVER,PASS,1,2.1660187244415283,experiment://TP2M4D/outputs/receiver_bank/seed_2025/tainan_city/w05/checkpoint.weights.h5,a3af50bc7508ccc19e7b94292b945c8d0a7fb9eed3d557131891b5b7ce7c4f9d,37f859abc44c1c4e0e92ab93a2f229ac33c78f7a42fd7d7e6ac9687028e39a67,24f09a7ac8f32f9eb5213d809bf1b30c1e0621aaac183337b1c86dc80f5a4a1b,855d5f6d53eb3ba931b3a7f72d2a23fbcb37236c3030cf94423ff95b70c386ed,TRUE
Taipei City,2025,W05,TP1D_C1_DENGUE_RECEIVER,PASS,1,2.891810178756714,experiment://TP2M4D/outputs/receiver_bank/seed_2025/taipei_city/w05/checkpoint.weights.h5,bd0604d833aed72c5a04cb8314961c28a4e49566fb0bdb7ab193a302ed687c02,327a365d99ea72f8eaf1c18bc73192d20278f1d55020449d772f216a4a9f8c4d,24f09a7ac8f32f9eb5213d809bf1b30c1e0621aaac183337b1c86dc80f5a4a1b,855d5f6d53eb3ba931b3a7f72d2a23fbcb37236c3030cf94423ff95b70c386ed,TRUE
Yunlin County,2025,W05,TP1D_C1_DENGUE_RECEIVER,PASS,5,1.2462074756622314,experiment://TP2M4D/outputs/receiver_bank/seed_2025/yunlin_county/w05/checkpoint.weights.h5,429e09764ca338898bd9e5a1c360711d2d7f6cc037692655b54e86fad3d13ac4,9ffb50c3df474bdd7b6f6d00c3f3ac760124696f8e0bca0a6048c4e9b1aa4b75,24f09a7ac8f32f9eb5213d809bf1b30c1e0621aaac183337b1c86dc80f5a4a1b,855d5f6d53eb3ba931b3a7f72d2a23fbcb37236c3030cf94423ff95b70c386ed,TRUE

