layer,gate,pass,value,threshold,status
STRICT_EXECUTION_STATUS,STRICT GATE 1,False,267/270,270/270,FAIL_EXECUTION_BOUNDARY
BOUNDARY_AWARE_MATCHED_N29,ELIGIBILITY,True,29-country matched freeze; 0 training repair,PASS,PASS
BOUNDARY_AWARE_MATCHED_N29,GATE 2A,True,-0.0037976805339983385,<= 0.01,PASS
BOUNDARY_AWARE_MATCHED_N29,GATE 2B,False,0.6441616718167066,<= 0.05,FAIL
BOUNDARY_AWARE_MATCHED_N29,GATE 3,False,0.116645221724542,>= 0.20,FAIL
BOUNDARY_AWARE_MATCHED_N29,GATE 4,False,1.0894175736261693,<= 0.90,FAIL
BOUNDARY_AWARE_MATCHED_N29,GATE 5,False,0.019994580377878046,FUNCTIONAL < THETA_RKA,FAIL
BOUNDARY_AWARE_MATCHED_N29,GATE 6,True,"{""neutral"": 21.29100227355957, ""perturb"": 30.4753360748291, ""entropy_ratio"": 1.1141276949568755, ""active_ratio"": 1.0144927536231882}",canonical,PASS
BOUNDARY_AWARE_MATCHED_N29,GATE 7,True,False,must not trigger,PASS
