receiver_architecture,country,receiver_stratum,country_median_delta_rho,n_paired_contexts,country_direction
GRU,Australia,CROSS_ARCH_SAME_SEED_ID,0.06941325248610053,3,THETA_RKA_DIRECTIONALLY_BETTER
GRU,Australia,CROSS_ARCH_CROSS_SEED,0.32405857859526294,6,THETA_RKA_DIRECTIONALLY_BETTER
GRU,Austria,CROSS_ARCH_SAME_SEED_ID,0.14422614334002273,3,THETA_RKA_DIRECTIONALLY_BETTER
GRU,Austria,CROSS_ARCH_CROSS_SEED,-0.03421417648823044,6,FUNCTIONAL_DIRECTIONALLY_BETTER
GRU,Bangladesh,CROSS_ARCH_SAME_SEED_ID,-0.05491420542670852,3,FUNCTIONAL_DIRECTIONALLY_BETTER
GRU,Bangladesh,CROSS_ARCH_CROSS_SEED,-0.03832035585328997,6,FUNCTIONAL_DIRECTIONALLY_BETTER
GRU,Bhutan,CROSS_ARCH_SAME_SEED_ID,-0.038137137286847644,3,FUNCTIONAL_DIRECTIONALLY_BETTER
GRU,Bhutan,CROSS_ARCH_CROSS_SEED,-0.24282071185766585,6,FUNCTIONAL_DIRECTIONALLY_BETTER
GRU,Brunei Darussalam,CROSS_ARCH_SAME_SEED_ID,-0.781598043324318,3,FUNCTIONAL_DIRECTIONALLY_BETTER
GRU,Brunei Darussalam,CROSS_ARCH_CROSS_SEED,-0.3696170309316588,6,FUNCTIONAL_DIRECTIONALLY_BETTER
GRU,Cambodia,CROSS_ARCH_SAME_SEED_ID,-0.2516282950040372,3,FUNCTIONAL_DIRECTIONALLY_BETTER
GRU,Cambodia,CROSS_ARCH_CROSS_SEED,-0.07459229547631982,6,FUNCTIONAL_DIRECTIONALLY_BETTER
GRU,China,CROSS_ARCH_SAME_SEED_ID,0.10630695783241645,3,THETA_RKA_DIRECTIONALLY_BETTER
GRU,China,CROSS_ARCH_CROSS_SEED,-0.07106538474393453,6,FUNCTIONAL_DIRECTIONALLY_BETTER
GRU,Fiji,CROSS_ARCH_SAME_SEED_ID,0.08646589433154409,3,THETA_RKA_DIRECTIONALLY_BETTER
GRU,Fiji,CROSS_ARCH_CROSS_SEED,-0.02625824208632216,6,FUNCTIONAL_DIRECTIONALLY_BETTER
GRU,French Polynesia,CROSS_ARCH_SAME_SEED_ID,-0.028650925528980076,3,FUNCTIONAL_DIRECTIONALLY_BETTER
GRU,French Polynesia,CROSS_ARCH_CROSS_SEED,-0.1426928411829712,6,FUNCTIONAL_DIRECTIONALLY_BETTER
GRU,Guam,CROSS_ARCH_SAME_SEED_ID,-0.09440465131238496,3,FUNCTIONAL_DIRECTIONALLY_BETTER
GRU,Guam,CROSS_ARCH_CROSS_SEED,-0.07290275123208992,6,FUNCTIONAL_DIRECTIONALLY_BETTER
GRU,Lao People's Democratic Republic,CROSS_ARCH_SAME_SEED_ID,-0.05634305716326349,3,FUNCTIONAL_DIRECTIONALLY_BETTER
GRU,Lao People's Democratic Republic,CROSS_ARCH_CROSS_SEED,0.031374653530168994,6,THETA_RKA_DIRECTIONALLY_BETTER
GRU,Malaysia,CROSS_ARCH_SAME_SEED_ID,0.23867543161961996,3,THETA_RKA_DIRECTIONALLY_BETTER
GRU,Malaysia,CROSS_ARCH_CROSS_SEED,0.22908327653539895,6,THETA_RKA_DIRECTIONALLY_BETTER
GRU,Maldives,CROSS_ARCH_SAME_SEED_ID,0.05517495627843616,3,THETA_RKA_DIRECTIONALLY_BETTER
GRU,Maldives,CROSS_ARCH_CROSS_SEED,-0.003470530056710719,6,FUNCTIONAL_DIRECTIONALLY_BETTER
GRU,Mexico,CROSS_ARCH_SAME_SEED_ID,-0.9501055763980648,3,FUNCTIONAL_DIRECTIONALLY_BETTER
GRU,Mexico,CROSS_ARCH_CROSS_SEED,0.21060238682264887,6,THETA_RKA_DIRECTIONALLY_BETTER
GRU,Mongolia,CROSS_ARCH_SAME_SEED_ID,-0.13905824595987998,3,FUNCTIONAL_DIRECTIONALLY_BETTER
GRU,Mongolia,CROSS_ARCH_CROSS_SEED,0.1308955964125504,6,THETA_RKA_DIRECTIONALLY_BETTER
GRU,Myanmar,CROSS_ARCH_SAME_SEED_ID,-0.027030283568909574,3,FUNCTIONAL_DIRECTIONALLY_BETTER
GRU,Myanmar,CROSS_ARCH_CROSS_SEED,-0.07027195018094279,6,FUNCTIONAL_DIRECTIONALLY_BETTER
GRU,Nepal,CROSS_ARCH_SAME_SEED_ID,0.14126118134031762,3,THETA_RKA_DIRECTIONALLY_BETTER
GRU,Nepal,CROSS_ARCH_CROSS_SEED,-0.024421917195493192,6,FUNCTIONAL_DIRECTIONALLY_BETTER
GRU,New Caledonia,CROSS_ARCH_SAME_SEED_ID,0.005858329308616683,3,THETA_RKA_DIRECTIONALLY_BETTER
GRU,New Caledonia,CROSS_ARCH_CROSS_SEED,0.12822912988164514,6,THETA_RKA_DIRECTIONALLY_BETTER
GRU,New Zealand,CROSS_ARCH_SAME_SEED_ID,-0.03405889301713265,3,FUNCTIONAL_DIRECTIONALLY_BETTER
GRU,New Zealand,CROSS_ARCH_CROSS_SEED,-0.019260118798072212,6,FUNCTIONAL_DIRECTIONALLY_BETTER
GRU,Northern Mariana Islands,CROSS_ARCH_SAME_SEED_ID,0.0863142850470564,3,THETA_RKA_DIRECTIONALLY_BETTER
GRU,Northern Mariana Islands,CROSS_ARCH_CROSS_SEED,-0.13190763746713063,6,FUNCTIONAL_DIRECTIONALLY_BETTER
GRU,Papua New Guinea,CROSS_ARCH_SAME_SEED_ID,-0.03374650528476923,3,FUNCTIONAL_DIRECTIONALLY_BETTER
GRU,Papua New Guinea,CROSS_ARCH_CROSS_SEED,-0.02180451916766868,6,FUNCTIONAL_DIRECTIONALLY_BETTER
GRU,Philippines,CROSS_ARCH_SAME_SEED_ID,-0.00987284087790019,3,FUNCTIONAL_DIRECTIONALLY_BETTER
GRU,Philippines,CROSS_ARCH_CROSS_SEED,-0.014843017490705199,6,FUNCTIONAL_DIRECTIONALLY_BETTER
GRU,Singapore,CROSS_ARCH_SAME_SEED_ID,0.12413174719206044,3,THETA_RKA_DIRECTIONALLY_BETTER
GRU,Singapore,CROSS_ARCH_CROSS_SEED,-0.18963205873431166,6,FUNCTIONAL_DIRECTIONALLY_BETTER
GRU,Sri Lanka,CROSS_ARCH_SAME_SEED_ID,-0.11822323793573664,3,FUNCTIONAL_DIRECTIONALLY_BETTER
GRU,Sri Lanka,CROSS_ARCH_CROSS_SEED,-0.136347121767306,6,FUNCTIONAL_DIRECTIONALLY_BETTER
GRU,Switzerland,CROSS_ARCH_SAME_SEED_ID,0.17574790441507487,3,THETA_RKA_DIRECTIONALLY_BETTER
GRU,Switzerland,CROSS_ARCH_CROSS_SEED,-0.34764273549766833,6,FUNCTIONAL_DIRECTIONALLY_BETTER
GRU,Thailand,CROSS_ARCH_SAME_SEED_ID,-0.002801464340797477,3,FUNCTIONAL_DIRECTIONALLY_BETTER
GRU,Thailand,CROSS_ARCH_CROSS_SEED,0.06319928814732345,6,THETA_RKA_DIRECTIONALLY_BETTER
GRU,Timor-Leste,CROSS_ARCH_SAME_SEED_ID,0.04910168847491647,3,THETA_RKA_DIRECTIONALLY_BETTER
GRU,Timor-Leste,CROSS_ARCH_CROSS_SEED,0.006884939689697056,6,THETA_RKA_DIRECTIONALLY_BETTER
GRU,United Kingdom of Great Britain and Northern Ireland,CROSS_ARCH_SAME_SEED_ID,0.06559435929160973,3,THETA_RKA_DIRECTIONALLY_BETTER
GRU,United Kingdom of Great Britain and Northern Ireland,CROSS_ARCH_CROSS_SEED,0.1776666234630015,6,THETA_RKA_DIRECTIONALLY_BETTER
GRU,Viet Nam,CROSS_ARCH_SAME_SEED_ID,0.09531461478233849,3,THETA_RKA_DIRECTIONALLY_BETTER
GRU,Viet Nam,CROSS_ARCH_CROSS_SEED,0.10909361379194121,6,THETA_RKA_DIRECTIONALLY_BETTER
TRANSFORMER,Australia,CROSS_ARCH_SAME_SEED_ID,-0.015998770445029342,3,FUNCTIONAL_DIRECTIONALLY_BETTER
TRANSFORMER,Australia,CROSS_ARCH_CROSS_SEED,0.34244775447725495,6,THETA_RKA_DIRECTIONALLY_BETTER
TRANSFORMER,Austria,CROSS_ARCH_SAME_SEED_ID,0.03579363200485297,3,THETA_RKA_DIRECTIONALLY_BETTER
TRANSFORMER,Austria,CROSS_ARCH_CROSS_SEED,-0.11952974956533896,6,FUNCTIONAL_DIRECTIONALLY_BETTER
TRANSFORMER,Bangladesh,CROSS_ARCH_SAME_SEED_ID,0.006973313032269335,3,THETA_RKA_DIRECTIONALLY_BETTER
TRANSFORMER,Bangladesh,CROSS_ARCH_CROSS_SEED,0.04159593109541504,6,THETA_RKA_DIRECTIONALLY_BETTER
TRANSFORMER,Bhutan,CROSS_ARCH_SAME_SEED_ID,0.22500947228109625,3,THETA_RKA_DIRECTIONALLY_BETTER
TRANSFORMER,Bhutan,CROSS_ARCH_CROSS_SEED,-0.04110092679972388,6,FUNCTIONAL_DIRECTIONALLY_BETTER
TRANSFORMER,Brunei Darussalam,CROSS_ARCH_SAME_SEED_ID,0.21456592774461722,3,THETA_RKA_DIRECTIONALLY_BETTER
TRANSFORMER,Brunei Darussalam,CROSS_ARCH_CROSS_SEED,-0.20589856407064341,6,FUNCTIONAL_DIRECTIONALLY_BETTER
TRANSFORMER,Cambodia,CROSS_ARCH_SAME_SEED_ID,0.06661719620397322,3,THETA_RKA_DIRECTIONALLY_BETTER
TRANSFORMER,Cambodia,CROSS_ARCH_CROSS_SEED,-0.05914665383008247,6,FUNCTIONAL_DIRECTIONALLY_BETTER
TRANSFORMER,China,CROSS_ARCH_SAME_SEED_ID,-0.012562521712701225,3,FUNCTIONAL_DIRECTIONALLY_BETTER
TRANSFORMER,China,CROSS_ARCH_CROSS_SEED,0.03010683303575351,6,THETA_RKA_DIRECTIONALLY_BETTER
TRANSFORMER,Fiji,CROSS_ARCH_SAME_SEED_ID,0.1096271878071371,3,THETA_RKA_DIRECTIONALLY_BETTER
TRANSFORMER,Fiji,CROSS_ARCH_CROSS_SEED,-0.018802106983434597,6,FUNCTIONAL_DIRECTIONALLY_BETTER
TRANSFORMER,French Polynesia,CROSS_ARCH_SAME_SEED_ID,-0.3827723960401137,3,FUNCTIONAL_DIRECTIONALLY_BETTER
TRANSFORMER,French Polynesia,CROSS_ARCH_CROSS_SEED,0.02835271489330604,6,THETA_RKA_DIRECTIONALLY_BETTER
TRANSFORMER,Guam,CROSS_ARCH_SAME_SEED_ID,-0.0002712222715002266,3,FUNCTIONAL_DIRECTIONALLY_BETTER
TRANSFORMER,Guam,CROSS_ARCH_CROSS_SEED,-0.26172916707024774,6,FUNCTIONAL_DIRECTIONALLY_BETTER
TRANSFORMER,Lao People's Democratic Republic,CROSS_ARCH_SAME_SEED_ID,-0.008494661498252398,3,FUNCTIONAL_DIRECTIONALLY_BETTER
TRANSFORMER,Lao People's Democratic Republic,CROSS_ARCH_CROSS_SEED,-0.004761877165609885,6,FUNCTIONAL_DIRECTIONALLY_BETTER
TRANSFORMER,Malaysia,CROSS_ARCH_SAME_SEED_ID,0.0011240494601503226,3,THETA_RKA_DIRECTIONALLY_BETTER
TRANSFORMER,Malaysia,CROSS_ARCH_CROSS_SEED,-0.053347399388677275,6,FUNCTIONAL_DIRECTIONALLY_BETTER
TRANSFORMER,Maldives,CROSS_ARCH_SAME_SEED_ID,0.035154853640599226,3,THETA_RKA_DIRECTIONALLY_BETTER
TRANSFORMER,Maldives,CROSS_ARCH_CROSS_SEED,0.009252011966753237,6,THETA_RKA_DIRECTIONALLY_BETTER
TRANSFORMER,Mexico,CROSS_ARCH_SAME_SEED_ID,0.14192033128827475,3,THETA_RKA_DIRECTIONALLY_BETTER
TRANSFORMER,Mexico,CROSS_ARCH_CROSS_SEED,-0.06886066878005559,6,FUNCTIONAL_DIRECTIONALLY_BETTER
TRANSFORMER,Mongolia,CROSS_ARCH_SAME_SEED_ID,0.2505675214998446,3,THETA_RKA_DIRECTIONALLY_BETTER
TRANSFORMER,Mongolia,CROSS_ARCH_CROSS_SEED,0.07800457634746527,6,THETA_RKA_DIRECTIONALLY_BETTER
TRANSFORMER,Myanmar,CROSS_ARCH_SAME_SEED_ID,0.12091658389852622,3,THETA_RKA_DIRECTIONALLY_BETTER
TRANSFORMER,Myanmar,CROSS_ARCH_CROSS_SEED,0.029418776805322677,6,THETA_RKA_DIRECTIONALLY_BETTER
TRANSFORMER,Nepal,CROSS_ARCH_SAME_SEED_ID,0.40403643951190715,3,THETA_RKA_DIRECTIONALLY_BETTER
TRANSFORMER,Nepal,CROSS_ARCH_CROSS_SEED,0.11793265983932863,6,THETA_RKA_DIRECTIONALLY_BETTER
TRANSFORMER,New Caledonia,CROSS_ARCH_SAME_SEED_ID,0.013412676218296338,3,THETA_RKA_DIRECTIONALLY_BETTER
TRANSFORMER,New Caledonia,CROSS_ARCH_CROSS_SEED,-0.1007366010073002,6,FUNCTIONAL_DIRECTIONALLY_BETTER
TRANSFORMER,New Zealand,CROSS_ARCH_SAME_SEED_ID,0.04409858448051167,3,THETA_RKA_DIRECTIONALLY_BETTER
TRANSFORMER,New Zealand,CROSS_ARCH_CROSS_SEED,0.009294305271272618,6,THETA_RKA_DIRECTIONALLY_BETTER
TRANSFORMER,Northern Mariana Islands,CROSS_ARCH_SAME_SEED_ID,-0.04203943571544444,3,FUNCTIONAL_DIRECTIONALLY_BETTER
TRANSFORMER,Northern Mariana Islands,CROSS_ARCH_CROSS_SEED,-0.09201026087263497,6,FUNCTIONAL_DIRECTIONALLY_BETTER
TRANSFORMER,Papua New Guinea,CROSS_ARCH_SAME_SEED_ID,-0.08841217899694098,3,FUNCTIONAL_DIRECTIONALLY_BETTER
TRANSFORMER,Papua New Guinea,CROSS_ARCH_CROSS_SEED,0.004132831521571956,6,THETA_RKA_DIRECTIONALLY_BETTER
TRANSFORMER,Philippines,CROSS_ARCH_SAME_SEED_ID,0.0031951240006579396,3,THETA_RKA_DIRECTIONALLY_BETTER
TRANSFORMER,Philippines,CROSS_ARCH_CROSS_SEED,-0.01661422082189598,6,FUNCTIONAL_DIRECTIONALLY_BETTER
TRANSFORMER,Singapore,CROSS_ARCH_SAME_SEED_ID,0.043938714318503214,3,THETA_RKA_DIRECTIONALLY_BETTER
TRANSFORMER,Singapore,CROSS_ARCH_CROSS_SEED,-0.006525719839781674,6,FUNCTIONAL_DIRECTIONALLY_BETTER
TRANSFORMER,Sri Lanka,CROSS_ARCH_SAME_SEED_ID,0.10332553426999064,3,THETA_RKA_DIRECTIONALLY_BETTER
TRANSFORMER,Sri Lanka,CROSS_ARCH_CROSS_SEED,-0.287716117150881,6,FUNCTIONAL_DIRECTIONALLY_BETTER
TRANSFORMER,Switzerland,CROSS_ARCH_SAME_SEED_ID,0.05936384737185174,3,THETA_RKA_DIRECTIONALLY_BETTER
TRANSFORMER,Switzerland,CROSS_ARCH_CROSS_SEED,0.09434961828888999,6,THETA_RKA_DIRECTIONALLY_BETTER
TRANSFORMER,Thailand,CROSS_ARCH_SAME_SEED_ID,-0.03762063690716211,3,FUNCTIONAL_DIRECTIONALLY_BETTER
TRANSFORMER,Thailand,CROSS_ARCH_CROSS_SEED,0.08239587783576602,6,THETA_RKA_DIRECTIONALLY_BETTER
TRANSFORMER,Timor-Leste,CROSS_ARCH_SAME_SEED_ID,0.012369971035566779,3,THETA_RKA_DIRECTIONALLY_BETTER
TRANSFORMER,Timor-Leste,CROSS_ARCH_CROSS_SEED,-0.040040013485442616,6,FUNCTIONAL_DIRECTIONALLY_BETTER
TRANSFORMER,United Kingdom of Great Britain and Northern Ireland,CROSS_ARCH_SAME_SEED_ID,0.15369019151093988,3,THETA_RKA_DIRECTIONALLY_BETTER
TRANSFORMER,United Kingdom of Great Britain and Northern Ireland,CROSS_ARCH_CROSS_SEED,0.06543971132728932,6,THETA_RKA_DIRECTIONALLY_BETTER
TRANSFORMER,Viet Nam,CROSS_ARCH_SAME_SEED_ID,-0.04511062718895792,3,FUNCTIONAL_DIRECTIONALLY_BETTER
TRANSFORMER,Viet Nam,CROSS_ARCH_CROSS_SEED,-0.004483786664807199,6,FUNCTIONAL_DIRECTIONALLY_BETTER
