receiver_architecture,country,sender_seed,receiver_seed,receiver_stratum,rho_FUNCTIONAL,rho_THETA_RKA,delta_rho
GRU,Australia,42,42,CROSS_ARCH_SAME_SEED_ID,1.4159521760785654,1.0906444925089438,0.3253076835696216
GRU,Australia,42,123,CROSS_ARCH_CROSS_SEED,0.3016697862255351,0.1434587439610295,0.15821104226450558
GRU,Australia,42,2025,CROSS_ARCH_CROSS_SEED,0.8998268101070247,0.5220597000330964,0.37776711007392827
GRU,Australia,123,42,CROSS_ARCH_CROSS_SEED,1.1974339505324014,0.9270839034158038,0.2703500471165976
GRU,Australia,123,123,CROSS_ARCH_SAME_SEED_ID,0.5896862927530977,0.5715991143712226,0.018087178381875124
GRU,Australia,123,2025,CROSS_ARCH_CROSS_SEED,1.0806169893780897,0.1736302347098703,0.9069867546682194
GRU,Australia,2025,42,CROSS_ARCH_CROSS_SEED,1.0982358064986413,0.5156919655278508,0.5825438409707905
GRU,Australia,2025,123,CROSS_ARCH_CROSS_SEED,0.193381937099974,0.6982297261710347,-0.5048477890710608
GRU,Australia,2025,2025,CROSS_ARCH_SAME_SEED_ID,0.40887200255259576,0.33945875006649523,0.06941325248610053
GRU,Austria,42,42,CROSS_ARCH_SAME_SEED_ID,0.8213978508881006,0.8702253213852706,-0.04882747049717007
GRU,Austria,42,123,CROSS_ARCH_CROSS_SEED,1.1126547359599008,1.2050045113625394,-0.09234977540263856
GRU,Austria,42,2025,CROSS_ARCH_CROSS_SEED,0.592519244935472,0.5823050754254155,0.010214169510056492
GRU,Austria,123,42,CROSS_ARCH_CROSS_SEED,1.4629799677313051,2.208309334475145,-0.7453293667438401
GRU,Austria,123,123,CROSS_ARCH_SAME_SEED_ID,0.7549895993273674,0.3657087099768257,0.3892808893505417
GRU,Austria,123,2025,CROSS_ARCH_CROSS_SEED,1.2579344616179795,1.2492787300335135,0.008655731584465975
GRU,Austria,2025,42,CROSS_ARCH_CROSS_SEED,1.6251649251122435,1.7022490096731704,-0.07708408456092686
GRU,Austria,2025,123,CROSS_ARCH_CROSS_SEED,1.4698996390370653,1.4044922708198169,0.06540736821724846
GRU,Austria,2025,2025,CROSS_ARCH_SAME_SEED_ID,0.3859449892883969,0.24171884594837414,0.14422614334002273
GRU,Bangladesh,42,42,CROSS_ARCH_SAME_SEED_ID,0.2678756250905216,0.24581267517837396,0.022062949912147634
GRU,Bangladesh,42,123,CROSS_ARCH_CROSS_SEED,1.4869513670094714,1.1546109462832506,0.33234042072622083
GRU,Bangladesh,42,2025,CROSS_ARCH_CROSS_SEED,1.26638176749673,1.28827956571805,-0.021897798221319986
GRU,Bangladesh,123,42,CROSS_ARCH_CROSS_SEED,1.1705814744453684,1.2253243879306284,-0.05474291348525995
GRU,Bangladesh,123,123,CROSS_ARCH_SAME_SEED_ID,0.6867972992313769,1.5918588405563554,-0.9050615413249785
GRU,Bangladesh,123,2025,CROSS_ARCH_CROSS_SEED,0.799332212291965,1.1036057937655406,-0.3042735814735755
GRU,Bangladesh,2025,42,CROSS_ARCH_CROSS_SEED,0.9609307447502611,1.0653582370421002,-0.10442749229183912
GRU,Bangladesh,2025,123,CROSS_ARCH_CROSS_SEED,1.1105525351794248,0.9992077258887945,0.11134480929063029
GRU,Bangladesh,2025,2025,CROSS_ARCH_SAME_SEED_ID,0.16811628732638834,0.22303049275309686,-0.05491420542670852
GRU,Bhutan,42,42,CROSS_ARCH_SAME_SEED_ID,0.539649567188304,0.5777867044751517,-0.038137137286847644
GRU,Bhutan,42,123,CROSS_ARCH_CROSS_SEED,0.7238986042635728,0.7642682567960233,-0.040369652532450506
GRU,Bhutan,42,2025,CROSS_ARCH_CROSS_SEED,2.2812169371032733,2.5853090494655655,-0.30409211236229217
GRU,Bhutan,123,42,CROSS_ARCH_CROSS_SEED,0.8115408464673238,1.886945791089076,-1.0754049446217522
GRU,Bhutan,123,123,CROSS_ARCH_SAME_SEED_ID,1.061056920844833,1.0316664239758648,0.02939049686896822
GRU,Bhutan,123,2025,CROSS_ARCH_CROSS_SEED,5.592875221551741,1.0195045424360156,4.573370679115725
GRU,Bhutan,2025,42,CROSS_ARCH_CROSS_SEED,1.0777970332647226,1.2593463446177622,-0.18154931135303953
GRU,Bhutan,2025,123,CROSS_ARCH_CROSS_SEED,0.5481230229309968,1.4188843239523325,-0.8707613010213358
GRU,Bhutan,2025,2025,CROSS_ARCH_SAME_SEED_ID,0.10515726869654778,0.5828607991288606,-0.4777035304323128
GRU,Brunei Darussalam,42,42,CROSS_ARCH_SAME_SEED_ID,0.9118133402342447,1.1282335104836794,-0.21642017024943472
GRU,Brunei Darussalam,42,123,CROSS_ARCH_CROSS_SEED,2.426161725132779,3.3189194578920422,-0.8927577327592631
GRU,Brunei Darussalam,42,2025,CROSS_ARCH_CROSS_SEED,1.3565173742253616,1.4557269232502614,-0.09920954902489987
GRU,Brunei Darussalam,123,42,CROSS_ARCH_CROSS_SEED,1.2043845721502404,0.8403516185018104,0.36403295364843
GRU,Brunei Darussalam,123,123,CROSS_ARCH_SAME_SEED_ID,0.7040966957989686,3.394535383929596,-2.6904386881306275
GRU,Brunei Darussalam,123,2025,CROSS_ARCH_CROSS_SEED,0.6257889357584397,1.2658134485968575,-0.6400245128384178
GRU,Brunei Darussalam,2025,42,CROSS_ARCH_CROSS_SEED,0.8990378373011326,0.6899604433116646,0.209077393989468
GRU,Brunei Darussalam,2025,123,CROSS_ARCH_CROSS_SEED,1.0194794470039203,2.4363822695841892,-1.416902822580269
GRU,Brunei Darussalam,2025,2025,CROSS_ARCH_SAME_SEED_ID,0.16609968208941384,0.9476977254137319,-0.781598043324318
GRU,Cambodia,42,42,CROSS_ARCH_SAME_SEED_ID,0.34515397851542357,0.5967822735194608,-0.2516282950040372
GRU,Cambodia,42,123,CROSS_ARCH_CROSS_SEED,0.45136200394145837,1.212117416777541,-0.7607554128360827
GRU,Cambodia,42,2025,CROSS_ARCH_CROSS_SEED,2.842956560712232,2.649276049126615,0.1936805115856166
GRU,Cambodia,123,42,CROSS_ARCH_CROSS_SEED,1.369923432340779,0.3639337112839803,1.0059897210567987
GRU,Cambodia,123,123,CROSS_ARCH_SAME_SEED_ID,0.6769409348125474,0.11977342450039848,0.5571675103121488
GRU,Cambodia,123,2025,CROSS_ARCH_CROSS_SEED,1.9354024243650305,3.9513714243242353,-2.0159689999592048
GRU,Cambodia,2025,42,CROSS_ARCH_CROSS_SEED,0.21993354347124772,0.2937816599283241,-0.0738481164570764
GRU,Cambodia,2025,123,CROSS_ARCH_CROSS_SEED,0.9724857530619663,1.0478222275575295,-0.07533647449556324
GRU,Cambodia,2025,2025,CROSS_ARCH_SAME_SEED_ID,2.9528370413380447,6.877310766579282,-3.9244737252412376
GRU,China,42,42,CROSS_ARCH_SAME_SEED_ID,0.41735086077321143,0.311043902940795,0.10630695783241645
GRU,China,42,123,CROSS_ARCH_CROSS_SEED,0.6359054164442897,0.649138928176392,-0.013233511732102299
GRU,China,42,2025,CROSS_ARCH_CROSS_SEED,1.3649831500426155,1.3056588754884917,0.05932427455412381
GRU,China,123,42,CROSS_ARCH_CROSS_SEED,0.8173473082167827,0.9462445659725495,-0.12889725775576677
GRU,China,123,123,CROSS_ARCH_SAME_SEED_ID,0.2799053014459314,0.30582662311428094,-0.02592132166834954
GRU,China,123,2025,CROSS_ARCH_CROSS_SEED,1.3490377962651907,1.7563717005366797,-0.40733390427148897
GRU,China,2025,42,CROSS_ARCH_CROSS_SEED,0.581504193032603,0.8596373743791171,-0.2781331813465141
GRU,China,2025,123,CROSS_ARCH_CROSS_SEED,1.0234791196918909,0.9888742330830822,0.03460488660880867
GRU,China,2025,2025,CROSS_ARCH_SAME_SEED_ID,0.8364139986571917,0.20959754662709013,0.6268164520301016
GRU,Fiji,42,42,CROSS_ARCH_SAME_SEED_ID,0.5050480459628377,0.4466858669044926,0.05836217905834512
GRU,Fiji,42,123,CROSS_ARCH_CROSS_SEED,0.29838011056185626,0.3379616285500689,-0.03958151798821263
GRU,Fiji,42,2025,CROSS_ARCH_CROSS_SEED,0.7297038033065202,0.7426387694909519,-0.012934966184431684
GRU,Fiji,123,42,CROSS_ARCH_CROSS_SEED,1.475958646835313,0.5176010943789287,0.9583575524563843
GRU,Fiji,123,123,CROSS_ARCH_SAME_SEED_ID,1.5852611563097274,0.5592839605921226,1.025977195717605
GRU,Fiji,123,2025,CROSS_ARCH_CROSS_SEED,1.126964655556359,1.4279310998183479,-0.3009664442619888
GRU,Fiji,2025,42,CROSS_ARCH_CROSS_SEED,1.6534173034336215,1.1542107031482727,0.4992066002853488
GRU,Fiji,2025,123,CROSS_ARCH_CROSS_SEED,1.1446362455540695,1.2054382216292758,-0.06080197607520632
GRU,Fiji,2025,2025,CROSS_ARCH_SAME_SEED_ID,0.1971773564135045,0.11071146208196042,0.08646589433154409
GRU,French Polynesia,42,42,CROSS_ARCH_SAME_SEED_ID,0.47518827362458893,1.0030970647495663,-0.5279087911249774
GRU,French Polynesia,42,123,CROSS_ARCH_CROSS_SEED,1.618241266763647,1.6830858976233813,-0.06484463085973435
GRU,French Polynesia,42,2025,CROSS_ARCH_CROSS_SEED,0.953346745996846,0.49537481734725164,0.45797192864959435
GRU,French Polynesia,123,42,CROSS_ARCH_CROSS_SEED,2.2164774025412983,6.2283537401945726,-4.011876337653274
GRU,French Polynesia,123,123,CROSS_ARCH_SAME_SEED_ID,1.008044470289424,0.9719505281957533,0.03609394209367067
GRU,French Polynesia,123,2025,CROSS_ARCH_CROSS_SEED,1.1699092388603876,1.3904502903665956,-0.22054105150620806
GRU,French Polynesia,2025,42,CROSS_ARCH_CROSS_SEED,1.0534191705126519,1.4421240001774842,-0.38870482966483233
GRU,French Polynesia,2025,123,CROSS_ARCH_CROSS_SEED,0.9336002629629718,0.4964290823718816,0.4371711805910902
GRU,French Polynesia,2025,2025,CROSS_ARCH_SAME_SEED_ID,0.5048565256641384,0.5335074511931185,-0.028650925528980076
GRU,Guam,42,42,CROSS_ARCH_SAME_SEED_ID,0.733981631155189,0.828386282467574,-0.09440465131238496
GRU,Guam,42,123,CROSS_ARCH_CROSS_SEED,0.39945935158367113,0.4865979858913404,-0.08713863430766927
GRU,Guam,42,2025,CROSS_ARCH_CROSS_SEED,0.6497011029948678,0.7083679711513784,-0.058666868156510565
GRU,Guam,123,42,CROSS_ARCH_CROSS_SEED,1.512108595061265,1.759567269755119,-0.24745867469385407
GRU,Guam,123,123,CROSS_ARCH_SAME_SEED_ID,0.676469327377501,0.8315074183201608,-0.15503809094265986
GRU,Guam,123,2025,CROSS_ARCH_CROSS_SEED,2.689849880704762,1.3006495995119307,1.3892002811928315
GRU,Guam,2025,42,CROSS_ARCH_CROSS_SEED,0.9841282779841886,1.2091226324854336,-0.22499435450124505
GRU,Guam,2025,123,CROSS_ARCH_CROSS_SEED,0.7379812784327087,0.5145738927580463,0.22340738567466234
GRU,Guam,2025,2025,CROSS_ARCH_SAME_SEED_ID,1.9282029323901477,1.195721098881537,0.7324818335086107
GRU,Lao People's Democratic Republic,42,42,CROSS_ARCH_SAME_SEED_ID,0.6880402369492181,0.7443832941124816,-0.05634305716326349
GRU,Lao People's Democratic Republic,42,123,CROSS_ARCH_CROSS_SEED,1.398076525659864,1.3772470692656216,0.020829456394242385
GRU,Lao People's Democratic Republic,42,2025,CROSS_ARCH_CROSS_SEED,1.4222625849936001,1.4677863116423004,-0.0455237266487003
GRU,Lao People's Democratic Republic,123,42,CROSS_ARCH_CROSS_SEED,0.5297415793104874,0.4691264474433838,0.0606151318671036
GRU,Lao People's Democratic Republic,123,123,CROSS_ARCH_SAME_SEED_ID,0.15049924400266662,0.18636312668973948,-0.03586388268707286
GRU,Lao People's Democratic Republic,123,2025,CROSS_ARCH_CROSS_SEED,1.7485878843276932,1.6737776516113005,0.07481023271639264
GRU,Lao People's Democratic Republic,2025,42,CROSS_ARCH_CROSS_SEED,0.43212471229102134,0.44109146007071476,-0.008966747779693418
GRU,Lao People's Democratic Republic,2025,123,CROSS_ARCH_CROSS_SEED,1.0089545135351914,0.9670346628690958,0.041919850666095604
GRU,Lao People's Democratic Republic,2025,2025,CROSS_ARCH_SAME_SEED_ID,0.6724838873331858,1.1104683052856703,-0.43798441795248455
GRU,Malaysia,42,42,CROSS_ARCH_SAME_SEED_ID,1.253299425644929,0.29483773310894623,0.9584616925359828
GRU,Malaysia,42,123,CROSS_ARCH_CROSS_SEED,1.1592771171375897,1.1251575033306715,0.03411961380691819
GRU,Malaysia,42,2025,CROSS_ARCH_CROSS_SEED,1.4817156345717122,1.0576686953078325,0.4240469392638797
GRU,Malaysia,123,42,CROSS_ARCH_CROSS_SEED,0.5784306358495157,0.8820299851884679,-0.30359934933895216
GRU,Malaysia,123,123,CROSS_ARCH_SAME_SEED_ID,0.3463524104804198,0.10767697886079984,0.23867543161961996
GRU,Malaysia,123,2025,CROSS_ARCH_CROSS_SEED,0.4729254483698476,0.7067415233302616,-0.233816074960414
GRU,Malaysia,2025,42,CROSS_ARCH_CROSS_SEED,1.7627092708085954,0.8646624678717301,0.8980468029368653
GRU,Malaysia,2025,123,CROSS_ARCH_CROSS_SEED,1.6105077501750231,0.8683367426177857,0.7421710075572374
GRU,Malaysia,2025,2025,CROSS_ARCH_SAME_SEED_ID,0.40299675371223215,0.4395237800838567,-0.03652702637162453
GRU,Maldives,42,42,CROSS_ARCH_SAME_SEED_ID,0.3031563370108351,0.24798138073239895,0.05517495627843616
GRU,Maldives,42,123,CROSS_ARCH_CROSS_SEED,1.096886948421053,1.099626444371264,-0.002739495950210946
GRU,Maldives,42,2025,CROSS_ARCH_CROSS_SEED,1.955476130172068,1.706049586364579,0.24942654380748897
GRU,Maldives,123,42,CROSS_ARCH_CROSS_SEED,1.7903079733687561,1.802617588027621,-0.01230961465886482
GRU,Maldives,123,123,CROSS_ARCH_SAME_SEED_ID,0.34514787926680457,0.29393502932686366,0.05121284993994091
GRU,Maldives,123,2025,CROSS_ARCH_CROSS_SEED,1.1836444947077778,1.1878460588709883,-0.004201564163210492
GRU,Maldives,2025,42,CROSS_ARCH_CROSS_SEED,1.1490845853944505,1.6097703423072645,-0.460685756912814
GRU,Maldives,2025,123,CROSS_ARCH_CROSS_SEED,1.045151621220462,1.0407296169894646,0.004422004230997256
GRU,Maldives,2025,2025,CROSS_ARCH_SAME_SEED_ID,1.196324148791201,1.0685703550380095,0.12775379375319162
GRU,Mexico,42,42,CROSS_ARCH_SAME_SEED_ID,1.0423672339791514,2.0104713774182246,-0.9681041434390731
GRU,Mexico,42,123,CROSS_ARCH_CROSS_SEED,1.1506497133197326,0.6938225933867002,0.4568271199330325
GRU,Mexico,42,2025,CROSS_ARCH_CROSS_SEED,0.8734732747510617,1.2787988343255947,-0.405325559574533
GRU,Mexico,123,42,CROSS_ARCH_CROSS_SEED,2.1339464470221654,0.7421797864593388,1.3917666605628267
GRU,Mexico,123,123,CROSS_ARCH_SAME_SEED_ID,1.0159081494715403,1.966013725869605,-0.9501055763980648
GRU,Mexico,123,2025,CROSS_ARCH_CROSS_SEED,1.9667854446854707,1.1938896526828444,0.7728957920026263
GRU,Mexico,2025,42,CROSS_ARCH_CROSS_SEED,0.6145917073730082,0.7862886828288498,-0.17169697545584162
GRU,Mexico,2025,123,CROSS_ARCH_CROSS_SEED,1.7038329750846002,1.739455321372335,-0.03562234628773475
GRU,Mexico,2025,2025,CROSS_ARCH_SAME_SEED_ID,0.28916817289084645,0.2959348399923597,-0.006766667101513246
GRU,Mongolia,42,42,CROSS_ARCH_SAME_SEED_ID,0.7984832176451113,0.9111374524120119,-0.11265423476690062
GRU,Mongolia,42,123,CROSS_ARCH_CROSS_SEED,1.2335244258129385,1.0749169113518948,0.1586075144610437
GRU,Mongolia,42,2025,CROSS_ARCH_CROSS_SEED,0.5427027271626871,0.43951904879862996,0.10318367836405712
GRU,Mongolia,123,42,CROSS_ARCH_CROSS_SEED,0.6821768820608812,0.8791258766608582,-0.19694899459997695
GRU,Mongolia,123,123,CROSS_ARCH_SAME_SEED_ID,0.7008404913135929,0.841952108857377,-0.1411116175437841
GRU,Mongolia,123,2025,CROSS_ARCH_CROSS_SEED,1.8899807860742601,2.318594177783365,-0.42861339170910484
GRU,Mongolia,2025,42,CROSS_ARCH_CROSS_SEED,1.3928435372356203,0.9629947084742996,0.4298488287613207
GRU,Mongolia,2025,123,CROSS_ARCH_CROSS_SEED,1.671422551990313,1.010970322828007,0.6604522291623061
GRU,Mongolia,2025,2025,CROSS_ARCH_SAME_SEED_ID,0.22006336779876867,0.35912161375864865,-0.13905824595987998
GRU,Myanmar,42,42,CROSS_ARCH_SAME_SEED_ID,0.44611152433040685,0.5599772756752852,-0.11386575134487836
GRU,Myanmar,42,123,CROSS_ARCH_CROSS_SEED,1.2499489756822728,1.6997165616045726,-0.4497675859222998
GRU,Myanmar,42,2025,CROSS_ARCH_CROSS_SEED,0.6750637465298327,0.9059680343217514,-0.23090428779191874
GRU,Myanmar,123,42,CROSS_ARCH_CROSS_SEED,1.385453148320551,1.101631805735484,0.2838213425850671
GRU,Myanmar,123,123,CROSS_ARCH_SAME_SEED_ID,1.0986623674888332,0.993257512011639,0.10540485547719414
GRU,Myanmar,123,2025,CROSS_ARCH_CROSS_SEED,1.0572083705942643,0.7516638320355017,0.3055445385587626
GRU,Myanmar,2025,42,CROSS_ARCH_CROSS_SEED,1.5560406914280804,1.4656803039980473,0.09036038743003316
GRU,Myanmar,2025,123,CROSS_ARCH_CROSS_SEED,0.4728411307051192,0.7764822447331103,-0.30364111402799115
GRU,Myanmar,2025,2025,CROSS_ARCH_SAME_SEED_ID,0.26965319796802684,0.2966834815369364,-0.027030283568909574
GRU,Nepal,42,42,CROSS_ARCH_SAME_SEED_ID,3.0778959788169455,2.095843250520816,0.9820527282961296
GRU,Nepal,42,123,CROSS_ARCH_CROSS_SEED,0.6343478463753554,0.48968130339389493,0.14466654298146042
GRU,Nepal,42,2025,CROSS_ARCH_CROSS_SEED,0.6361754065485701,0.622725313811036,0.013450092737534058
GRU,Nepal,123,42,CROSS_ARCH_CROSS_SEED,0.7258312393006425,1.3216701969816824,-0.5958389576810399
GRU,Nepal,123,123,CROSS_ARCH_SAME_SEED_ID,0.453562034378658,0.3123008530383404,0.14126118134031762
GRU,Nepal,123,2025,CROSS_ARCH_CROSS_SEED,0.7796979147656745,0.33014458338231745,0.44955333138335707
GRU,Nepal,2025,42,CROSS_ARCH_CROSS_SEED,0.9712235670209788,1.4303721761117874,-0.45914860909080857
GRU,Nepal,2025,123,CROSS_ARCH_CROSS_SEED,0.5075243084284253,0.5698182355569458,-0.06229392712852044
GRU,Nepal,2025,2025,CROSS_ARCH_SAME_SEED_ID,0.36945807805370817,0.4240294580839837,-0.05457138003027551
GRU,New Caledonia,42,42,CROSS_ARCH_SAME_SEED_ID,0.3560211358370048,0.3501628065283881,0.005858329308616683
GRU,New Caledonia,42,123,CROSS_ARCH_CROSS_SEED,1.6308755186357633,1.6355195940870564,-0.004644075451293084
GRU,New Caledonia,42,2025,CROSS_ARCH_CROSS_SEED,3.0729910136477376,3.1175153884859514,-0.04452437483821381
GRU,New Caledonia,123,42,CROSS_ARCH_CROSS_SEED,1.4203302702563076,1.1592279350417243,0.26110233521458337
GRU,New Caledonia,123,123,CROSS_ARCH_SAME_SEED_ID,1.1747957410102141,0.7609921836998036,0.4138035573104105
GRU,New Caledonia,123,2025,CROSS_ARCH_CROSS_SEED,2.6239293501497403,1.4681355330780947,1.1557938170716455
GRU,New Caledonia,2025,42,CROSS_ARCH_CROSS_SEED,0.6028831407000838,0.7191881142994498,-0.11630497359936609
GRU,New Caledonia,2025,123,CROSS_ARCH_CROSS_SEED,1.5993106790969773,1.332962398480298,0.26634828061667926
GRU,New Caledonia,2025,2025,CROSS_ARCH_SAME_SEED_ID,0.3037699730380347,0.35005865512049505,-0.04628868208246034
GRU,New Zealand,42,42,CROSS_ARCH_SAME_SEED_ID,0.08135497273835289,0.08191001101211004,-0.0005550382737571496
GRU,New Zealand,42,123,CROSS_ARCH_CROSS_SEED,1.13931990847217,1.1589927005264309,-0.01967279205426098
GRU,New Zealand,42,2025,CROSS_ARCH_CROSS_SEED,1.3561478283089385,1.3491444770925372,0.007003351216401388
GRU,New Zealand,123,42,CROSS_ARCH_CROSS_SEED,0.7579835340863544,0.7840400406414509,-0.026056506555096504
GRU,New Zealand,123,123,CROSS_ARCH_SAME_SEED_ID,0.052837831505258434,0.08689672452239108,-0.03405889301713265
GRU,New Zealand,123,2025,CROSS_ARCH_CROSS_SEED,4.8574775164083634,4.876324961950247,-0.018847445541883445
GRU,New Zealand,2025,42,CROSS_ARCH_CROSS_SEED,0.6417579032732813,0.6379139840038578,0.0038439192694235125
GRU,New Zealand,2025,123,CROSS_ARCH_CROSS_SEED,1.5628378920488843,1.6050322705555566,-0.04219437850667229
GRU,New Zealand,2025,2025,CROSS_ARCH_SAME_SEED_ID,0.40520924181098067,0.5550392996920932,-0.14983005788111253
GRU,Northern Mariana Islands,42,42,CROSS_ARCH_SAME_SEED_ID,0.47857694189370675,0.518534564561489,-0.0399576226677823
GRU,Northern Mariana Islands,42,123,CROSS_ARCH_CROSS_SEED,0.22303774239234528,0.2034237176627793,0.01961402472956597
GRU,Northern Mariana Islands,42,2025,CROSS_ARCH_CROSS_SEED,6.024571868942808,6.293526634128114,-0.26895476518530614
GRU,Northern Mariana Islands,123,42,CROSS_ARCH_CROSS_SEED,1.189681627441445,2.605068007252028,-1.415386379810583
GRU,Northern Mariana Islands,123,123,CROSS_ARCH_SAME_SEED_ID,0.531792374410689,0.17681442387298127,0.35497795053770775
GRU,Northern Mariana Islands,123,2025,CROSS_ARCH_CROSS_SEED,3.1911052988019897,7.066977417622195,-3.8758721188202054
GRU,Northern Mariana Islands,2025,42,CROSS_ARCH_CROSS_SEED,2.7179991058064927,2.712859615555448,0.005139490251044876
GRU,Northern Mariana Islands,2025,123,CROSS_ARCH_CROSS_SEED,2.5128988239016468,2.2732781839615956,0.23962063994005112
GRU,Northern Mariana Islands,2025,2025,CROSS_ARCH_SAME_SEED_ID,0.5192588216062213,0.43294453655916487,0.0863142850470564
GRU,Papua New Guinea,42,42,CROSS_ARCH_SAME_SEED_ID,0.25998934856748085,0.4102472019243461,-0.15025785335686526
GRU,Papua New Guinea,42,123,CROSS_ARCH_CROSS_SEED,1.2236070827610916,1.2184603000717067,0.005146782689384954
GRU,Papua New Guinea,42,2025,CROSS_ARCH_CROSS_SEED,0.3939178093631558,0.34654386838764967,0.047373940975506124
GRU,Papua New Guinea,123,42,CROSS_ARCH_CROSS_SEED,1.7775078085580915,2.0964041949805146,-0.318896386422423
GRU,Papua New Guinea,123,123,CROSS_ARCH_SAME_SEED_ID,0.7553354060459859,0.23770009965675862,0.5176353063892273
GRU,Papua New Guinea,123,2025,CROSS_ARCH_CROSS_SEED,0.8104133101846834,0.7105412909745592,0.09987201921012423
GRU,Papua New Guinea,2025,42,CROSS_ARCH_CROSS_SEED,2.743351045092937,3.000424691510846,-0.2570736464179091
GRU,Papua New Guinea,2025,123,CROSS_ARCH_CROSS_SEED,2.1547297661725353,2.2034855871972576,-0.04875582102472231
GRU,Papua New Guinea,2025,2025,CROSS_ARCH_SAME_SEED_ID,0.11919681330343083,0.15294331858820007,-0.03374650528476923
GRU,Philippines,42,42,CROSS_ARCH_SAME_SEED_ID,0.48885528218980956,0.5302935479044035,-0.04143826571459397
GRU,Philippines,42,123,CROSS_ARCH_CROSS_SEED,1.2907793155773222,1.251319035673034,0.03946027990428824
GRU,Philippines,42,2025,CROSS_ARCH_CROSS_SEED,1.2105390026072747,1.2443601617204805,-0.03382115911320582
GRU,Philippines,123,42,CROSS_ARCH_CROSS_SEED,1.5393942489394992,1.5647013103857932,-0.02530706144629402
GRU,Philippines,123,123,CROSS_ARCH_SAME_SEED_ID,0.25562673222191457,0.26549957309981476,-0.00987284087790019
GRU,Philippines,123,2025,CROSS_ARCH_CROSS_SEED,0.21627532670132338,0.22065430023643975,-0.004378973535116376
GRU,Philippines,2025,42,CROSS_ARCH_CROSS_SEED,0.48423549945372085,1.441025526738212,-0.9567900272844911
GRU,Philippines,2025,123,CROSS_ARCH_CROSS_SEED,1.3106778583634282,0.43073253834410674,0.8799453200193215
GRU,Philippines,2025,2025,CROSS_ARCH_SAME_SEED_ID,0.7326861143078436,0.18024799062770153,0.5524381236801421
GRU,Singapore,42,42,CROSS_ARCH_SAME_SEED_ID,0.4628096583714202,0.7119292523241033,-0.24911959395268313
GRU,Singapore,42,123,CROSS_ARCH_CROSS_SEED,1.7320946217647195,1.5104430611231252,0.2216515606415943
GRU,Singapore,42,2025,CROSS_ARCH_CROSS_SEED,0.8031598369538654,0.7970761241396159,0.0060837128142494645
GRU,Singapore,123,42,CROSS_ARCH_CROSS_SEED,1.642776966634837,2.3703132208113686,-0.7275362541765316
GRU,Singapore,123,123,CROSS_ARCH_SAME_SEED_ID,2.87322909522676,2.6184659790114693,0.2547631162152908
GRU,Singapore,123,2025,CROSS_ARCH_CROSS_SEED,1.175112557804764,1.5604603880876369,-0.3853478302828728
GRU,Singapore,2025,42,CROSS_ARCH_CROSS_SEED,1.2301099407894889,1.9826838635266733,-0.7525739227371844
GRU,Singapore,2025,123,CROSS_ARCH_CROSS_SEED,0.8786759936453256,0.7488597433154475,0.1298162503298781
GRU,Singapore,2025,2025,CROSS_ARCH_SAME_SEED_ID,0.7142664202084215,0.590134673016361,0.12413174719206044
GRU,Sri Lanka,42,42,CROSS_ARCH_SAME_SEED_ID,1.2480593378284472,1.3662825757641839,-0.11822323793573664
GRU,Sri Lanka,42,123,CROSS_ARCH_CROSS_SEED,1.2877716065635236,1.4010362391416107,-0.11326463257808705
GRU,Sri Lanka,42,2025,CROSS_ARCH_CROSS_SEED,3.456163615911399,3.6443923762757415,-0.18822876036434266
GRU,Sri Lanka,123,42,CROSS_ARCH_CROSS_SEED,1.4303507409959613,1.0272428320961593,0.40310790889980197
GRU,Sri Lanka,123,123,CROSS_ARCH_SAME_SEED_ID,1.4361044397935756,0.17429675775146336,1.2618076820421122
GRU,Sri Lanka,123,2025,CROSS_ARCH_CROSS_SEED,1.4273734920568093,1.3908071378447517,0.03656635421205756
GRU,Sri Lanka,2025,42,CROSS_ARCH_CROSS_SEED,0.9293609049154525,1.0887905158719775,-0.15942961095652497
GRU,Sri Lanka,2025,123,CROSS_ARCH_CROSS_SEED,0.8287438151995412,1.511220974072336,-0.6824771588727947
GRU,Sri Lanka,2025,2025,CROSS_ARCH_SAME_SEED_ID,1.1091807030084313,1.2555626956767698,-0.1463819926683385
GRU,Switzerland,42,42,CROSS_ARCH_SAME_SEED_ID,0.503139119699041,0.32739121528396614,0.17574790441507487
GRU,Switzerland,42,123,CROSS_ARCH_CROSS_SEED,1.918076141111554,2.1352814093821584,-0.2172052682706045
GRU,Switzerland,42,2025,CROSS_ARCH_CROSS_SEED,0.9796173422198631,2.622371114695254,-1.642753772475391
GRU,Switzerland,123,42,CROSS_ARCH_CROSS_SEED,1.5241492352849668,1.6817478155411545,-0.15759858025618767
GRU,Switzerland,123,123,CROSS_ARCH_SAME_SEED_ID,1.8075229281598368,0.5636758995217557,1.2438470286380812
GRU,Switzerland,123,2025,CROSS_ARCH_CROSS_SEED,1.4822802077978,1.960360410522532,-0.4780802027247322
GRU,Switzerland,2025,42,CROSS_ARCH_CROSS_SEED,0.5267990364756453,1.1803939217064447,-0.6535948852307994
GRU,Switzerland,2025,123,CROSS_ARCH_CROSS_SEED,3.2255280488524183,1.5449533672706612,1.680574681581757
GRU,Switzerland,2025,2025,CROSS_ARCH_SAME_SEED_ID,0.9854879950803617,1.1134962777912853,-0.12800828271092368
GRU,Thailand,42,42,CROSS_ARCH_SAME_SEED_ID,0.08145423716988795,0.08425570151068543,-0.002801464340797477
GRU,Thailand,42,123,CROSS_ARCH_CROSS_SEED,1.7499721932548193,1.728485082637527,0.02148711061729225
GRU,Thailand,42,2025,CROSS_ARCH_CROSS_SEED,1.5300111296385046,1.5176501808071166,0.012360948831388052
GRU,Thailand,123,42,CROSS_ARCH_CROSS_SEED,0.6971192078556638,1.3317451244702136,-0.6346259166145498
GRU,Thailand,123,123,CROSS_ARCH_SAME_SEED_ID,1.9233220909730773,1.2964416782209334,0.6268804127521439
GRU,Thailand,123,2025,CROSS_ARCH_CROSS_SEED,1.7526016817240246,0.8378824377472978,0.9147192439767269
GRU,Thailand,2025,42,CROSS_ARCH_CROSS_SEED,0.8538939206310843,0.7488666744738265,0.10502724615725778
GRU,Thailand,2025,123,CROSS_ARCH_CROSS_SEED,1.7243171604987677,1.619405694821413,0.10491146567735465
GRU,Thailand,2025,2025,CROSS_ARCH_SAME_SEED_ID,0.2313159708332178,0.9207648952982228,-0.689448924465005
GRU,Timor-Leste,42,42,CROSS_ARCH_SAME_SEED_ID,0.7452419083761217,0.6961402199012052,0.04910168847491647
GRU,Timor-Leste,42,123,CROSS_ARCH_CROSS_SEED,0.8584030895379026,0.8736221615380416,-0.015219072000139056
GRU,Timor-Leste,42,2025,CROSS_ARCH_CROSS_SEED,1.378113284546859,1.3284920808175853,0.04962120372927381
GRU,Timor-Leste,123,42,CROSS_ARCH_CROSS_SEED,2.600639876457808,2.396546810604363,0.20409306585344478
GRU,Timor-Leste,123,123,CROSS_ARCH_SAME_SEED_ID,0.6760601019140928,0.7034967947156002,-0.0274366928015074
GRU,Timor-Leste,123,2025,CROSS_ARCH_CROSS_SEED,4.0715473178892845,4.190177219391106,-0.11862990150182195
GRU,Timor-Leste,2025,42,CROSS_ARCH_CROSS_SEED,1.5342504408741486,1.595046864191276,-0.060796423317127424
GRU,Timor-Leste,2025,123,CROSS_ARCH_CROSS_SEED,1.0396684402426004,1.0106794888630672,0.028988951379533168
GRU,Timor-Leste,2025,2025,CROSS_ARCH_SAME_SEED_ID,2.4627584146648984,2.381799152109348,0.08095926255555064
GRU,United Kingdom of Great Britain and Northern Ireland,42,42,CROSS_ARCH_SAME_SEED_ID,1.114968042908863,1.0493736836172534,0.06559435929160973
GRU,United Kingdom of Great Britain and Northern Ireland,42,123,CROSS_ARCH_CROSS_SEED,0.8330910860792827,0.9311756664255699,-0.0980845803462872
GRU,United Kingdom of Great Britain and Northern Ireland,42,2025,CROSS_ARCH_CROSS_SEED,1.7196803289656455,1.6375296195596019,0.08215070940604363
GRU,United Kingdom of Great Britain and Northern Ireland,123,42,CROSS_ARCH_CROSS_SEED,1.320311414109049,1.5460956964213917,-0.2257842823123426
GRU,United Kingdom of Great Britain and Northern Ireland,123,123,CROSS_ARCH_SAME_SEED_ID,0.5965142457131001,0.3254843232195525,0.27102992249354757
GRU,United Kingdom of Great Britain and Northern Ireland,123,2025,CROSS_ARCH_CROSS_SEED,1.702931140677865,1.315409913385259,0.3875212272926061
GRU,United Kingdom of Great Britain and Northern Ireland,2025,42,CROSS_ARCH_CROSS_SEED,0.866305039554722,0.5931225020347627,0.27318253751995936
GRU,United Kingdom of Great Britain and Northern Ireland,2025,123,CROSS_ARCH_CROSS_SEED,1.107491152784861,0.8079830288598582,0.2995081239250028
GRU,United Kingdom of Great Britain and Northern Ireland,2025,2025,CROSS_ARCH_SAME_SEED_ID,0.6802902069303949,0.831262040799228,-0.15097183386883317
GRU,Viet Nam,42,42,CROSS_ARCH_SAME_SEED_ID,0.7357415051704308,0.8149043684759621,-0.07916286330553135
GRU,Viet Nam,42,123,CROSS_ARCH_CROSS_SEED,1.4805631901974565,1.5636305795911332,-0.08306738939367664
GRU,Viet Nam,42,2025,CROSS_ARCH_CROSS_SEED,1.4350427579843945,1.2072681066881885,0.227774651296206
GRU,Viet Nam,123,42,CROSS_ARCH_CROSS_SEED,0.8062922917919828,0.8158797155043064,-0.009587423712323573
GRU,Viet Nam,123,123,CROSS_ARCH_SAME_SEED_ID,1.3457080163361979,1.0597815655131309,0.285926450823067
GRU,Viet Nam,123,2025,CROSS_ARCH_CROSS_SEED,0.8037204473562932,1.2666756139138489,-0.46295516655755564
GRU,Viet Nam,2025,42,CROSS_ARCH_CROSS_SEED,1.332068100411816,0.9280507879057482,0.40401731250606776
GRU,Viet Nam,2025,123,CROSS_ARCH_CROSS_SEED,1.665049904820968,0.796947498243935,0.868102406577033
GRU,Viet Nam,2025,2025,CROSS_ARCH_SAME_SEED_ID,0.6752218424444365,0.579907227662098,0.09531461478233849
TRANSFORMER,Australia,42,42,CROSS_ARCH_SAME_SEED_ID,0.31316649190758455,0.3291652623526139,-0.015998770445029342
TRANSFORMER,Australia,42,123,CROSS_ARCH_CROSS_SEED,0.4358540867167952,0.3812619465184264,0.05459214019836883
TRANSFORMER,Australia,42,2025,CROSS_ARCH_CROSS_SEED,0.49765361801476027,0.5748683122766955,-0.07721469426193528
TRANSFORMER,Australia,123,42,CROSS_ARCH_CROSS_SEED,0.9446066315721897,0.6111441459274001,0.33346248564478964
TRANSFORMER,Australia,123,123,CROSS_ARCH_SAME_SEED_ID,0.9396720601636817,0.16241603976554378,0.7772560203981379
TRANSFORMER,Australia,123,2025,CROSS_ARCH_CROSS_SEED,0.4775748741361044,0.006521115438909909,0.47105375869719446
TRANSFORMER,Australia,2025,42,CROSS_ARCH_CROSS_SEED,0.5346404599373721,0.13762045893874872,0.39702000099862333
TRANSFORMER,Australia,2025,123,CROSS_ARCH_CROSS_SEED,0.5756548412925802,0.22422181798285995,0.3514330233097202
TRANSFORMER,Australia,2025,2025,CROSS_ARCH_SAME_SEED_ID,0.3123551979237386,0.6789086070540301,-0.3665534091302915
TRANSFORMER,Austria,42,42,CROSS_ARCH_SAME_SEED_ID,0.5261773564733349,0.7646991819136005,-0.23852182544026568
TRANSFORMER,Austria,42,123,CROSS_ARCH_CROSS_SEED,1.2889092129153124,1.2335261872407663,0.055383025674546005
TRANSFORMER,Austria,42,2025,CROSS_ARCH_CROSS_SEED,0.7589377949469397,1.017537462500918,-0.25859966755397823
TRANSFORMER,Austria,123,42,CROSS_ARCH_CROSS_SEED,1.1659373235543722,1.8440186034269757,-0.6780812798726035
TRANSFORMER,Austria,123,123,CROSS_ARCH_SAME_SEED_ID,0.7553532996122376,0.6142904784050832,0.1410628212071544
TRANSFORMER,Austria,123,2025,CROSS_ARCH_CROSS_SEED,0.7762337314297518,0.7566935630064515,0.019540168423300308
TRANSFORMER,Austria,2025,42,CROSS_ARCH_CROSS_SEED,1.1730883456860313,1.6374345978817826,-0.4643462521957513
TRANSFORMER,Austria,2025,123,CROSS_ARCH_CROSS_SEED,0.8138205612381035,0.6226672479849169,0.19115331325318663
TRANSFORMER,Austria,2025,2025,CROSS_ARCH_SAME_SEED_ID,0.7605618180604558,0.7247681860556028,0.03579363200485297
TRANSFORMER,Bangladesh,42,42,CROSS_ARCH_SAME_SEED_ID,0.44572479515711017,0.44466672182567857,0.001058073331431597
TRANSFORMER,Bangladesh,42,123,CROSS_ARCH_CROSS_SEED,1.06250917460381,1.0258183087524853,0.03669086585132475
TRANSFORMER,Bangladesh,42,2025,CROSS_ARCH_CROSS_SEED,2.4194441001996725,2.351037178085638,0.06840692211403443
TRANSFORMER,Bangladesh,123,42,CROSS_ARCH_CROSS_SEED,0.7507560700872551,1.3292360035474236,-0.5784799334601685
TRANSFORMER,Bangladesh,123,123,CROSS_ARCH_SAME_SEED_ID,0.23318950450488776,0.22621619147261843,0.006973313032269335
TRANSFORMER,Bangladesh,123,2025,CROSS_ARCH_CROSS_SEED,1.1972196499397905,1.1441840114540824,0.053035638485708025
TRANSFORMER,Bangladesh,2025,42,CROSS_ARCH_CROSS_SEED,1.1779093208805613,1.3050120636739102,-0.12710274279334888
TRANSFORMER,Bangladesh,2025,123,CROSS_ARCH_CROSS_SEED,0.5593766577947374,0.5128756614552321,0.04650099633950533
TRANSFORMER,Bangladesh,2025,2025,CROSS_ARCH_SAME_SEED_ID,0.9644347869374867,0.8226336811908944,0.14180110574659233
TRANSFORMER,Bhutan,42,42,CROSS_ARCH_SAME_SEED_ID,0.22338253729030805,0.23615045354029043,-0.012767916249982386
TRANSFORMER,Bhutan,42,123,CROSS_ARCH_CROSS_SEED,2.9363358449199417,3.1001863923390403,-0.16385054741909855
TRANSFORMER,Bhutan,42,2025,CROSS_ARCH_CROSS_SEED,1.2989487477781174,1.2725543903851901,0.02639435739292728
TRANSFORMER,Bhutan,123,42,CROSS_ARCH_CROSS_SEED,0.6899853514937251,0.7970877642717298,-0.1071024127780047
TRANSFORMER,Bhutan,123,123,CROSS_ARCH_SAME_SEED_ID,0.8882972876190903,0.35438847729089396,0.5339088103281964
TRANSFORMER,Bhutan,123,2025,CROSS_ARCH_CROSS_SEED,1.1313293816481222,2.3752804239751986,-1.2439510423270763
TRANSFORMER,Bhutan,2025,42,CROSS_ARCH_CROSS_SEED,0.9079951265546432,0.8830945673760863,0.024900559178556936
TRANSFORMER,Bhutan,2025,123,CROSS_ARCH_CROSS_SEED,1.1655108114188006,1.0266995293261871,0.1388112820926135
TRANSFORMER,Bhutan,2025,2025,CROSS_ARCH_SAME_SEED_ID,0.38107872525665776,0.1560692529755615,0.22500947228109625
TRANSFORMER,Brunei Darussalam,42,42,CROSS_ARCH_SAME_SEED_ID,3.78747966872505,4.15163643721302,-0.3641567684879705
TRANSFORMER,Brunei Darussalam,42,123,CROSS_ARCH_CROSS_SEED,0.44890192774658544,0.5603127645605666,-0.11141083681398112
TRANSFORMER,Brunei Darussalam,42,2025,CROSS_ARCH_CROSS_SEED,0.38073276683507157,0.6811190581623773,-0.3003862913273057
TRANSFORMER,Brunei Darussalam,123,42,CROSS_ARCH_CROSS_SEED,2.0545424072719,3.8048582855960036,-1.7503158783241037
TRANSFORMER,Brunei Darussalam,123,123,CROSS_ARCH_SAME_SEED_ID,1.1015356443264785,0.4903026376623929,0.6112330066640856
TRANSFORMER,Brunei Darussalam,123,2025,CROSS_ARCH_CROSS_SEED,0.28272982229608107,0.19097537645705973,0.09175444583902134
TRANSFORMER,Brunei Darussalam,2025,42,CROSS_ARCH_CROSS_SEED,3.1505679178461365,1.2339417959698782,1.9166261218762584
TRANSFORMER,Brunei Darussalam,2025,123,CROSS_ARCH_CROSS_SEED,0.5389565369726813,1.0839655792887373,-0.545009042316056
TRANSFORMER,Brunei Darussalam,2025,2025,CROSS_ARCH_SAME_SEED_ID,0.3503408981260627,0.1357749703814455,0.21456592774461722
TRANSFORMER,Cambodia,42,42,CROSS_ARCH_SAME_SEED_ID,0.7474032163730349,0.6807860201690616,0.06661719620397322
TRANSFORMER,Cambodia,42,123,CROSS_ARCH_CROSS_SEED,1.4371971834978223,1.6653866176432293,-0.22818943414540693
TRANSFORMER,Cambodia,42,2025,CROSS_ARCH_CROSS_SEED,0.4531142022555603,0.7113381007440177,-0.2582238984884574
TRANSFORMER,Cambodia,123,42,CROSS_ARCH_CROSS_SEED,0.9444516919269141,0.9887121526340271,-0.04426046070711298
TRANSFORMER,Cambodia,123,123,CROSS_ARCH_SAME_SEED_ID,1.0059918615706525,0.7982354573758731,0.20775640419477936
TRANSFORMER,Cambodia,123,2025,CROSS_ARCH_CROSS_SEED,1.0670383273904436,0.44220122287110963,0.6248371045193339
TRANSFORMER,Cambodia,2025,42,CROSS_ARCH_CROSS_SEED,0.31951619984992596,0.3745959901555314,-0.05507979030560545
TRANSFORMER,Cambodia,2025,123,CROSS_ARCH_CROSS_SEED,0.9270885960821451,0.9903021134367046,-0.06321351735455949
TRANSFORMER,Cambodia,2025,2025,CROSS_ARCH_SAME_SEED_ID,0.09677753929316903,0.19360369056284216,-0.09682615126967313
TRANSFORMER,China,42,42,CROSS_ARCH_SAME_SEED_ID,0.4723387124547899,0.48490123416749115,-0.012562521712701225
TRANSFORMER,China,42,123,CROSS_ARCH_CROSS_SEED,0.5789905635948416,0.5898408842477836,-0.010850320652942003
TRANSFORMER,China,42,2025,CROSS_ARCH_CROSS_SEED,1.8316182881596372,2.109236171004944,-0.27761788284530686
TRANSFORMER,China,123,42,CROSS_ARCH_CROSS_SEED,1.1602252403318085,1.07917349463899,0.08105174569281859
TRANSFORMER,China,123,123,CROSS_ARCH_SAME_SEED_ID,0.38954719117744574,0.41985824838548325,-0.030311057208037506
TRANSFORMER,China,123,2025,CROSS_ARCH_CROSS_SEED,2.488313468218172,1.9842353462374105,0.5040781219807615
TRANSFORMER,China,2025,42,CROSS_ARCH_CROSS_SEED,0.8343235049540902,0.7632595182296412,0.07106398672444902
TRANSFORMER,China,2025,123,CROSS_ARCH_CROSS_SEED,0.5805209601374969,0.6573976717592869,-0.07687671162179
TRANSFORMER,China,2025,2025,CROSS_ARCH_SAME_SEED_ID,1.8874787092152454,1.166632356337278,0.7208463528779674
TRANSFORMER,Fiji,42,42,CROSS_ARCH_SAME_SEED_ID,0.6228870188329825,0.5132598310258454,0.1096271878071371
TRANSFORMER,Fiji,42,123,CROSS_ARCH_CROSS_SEED,0.8725932212984946,0.8533203805017824,0.01927284079671221
TRANSFORMER,Fiji,42,2025,CROSS_ARCH_CROSS_SEED,0.9829939692503881,0.9723160236415361,0.010677945608851935
TRANSFORMER,Fiji,123,42,CROSS_ARCH_CROSS_SEED,1.5342805885091502,1.8320147749228815,-0.2977341864137313
TRANSFORMER,Fiji,123,123,CROSS_ARCH_SAME_SEED_ID,0.7354259908356245,0.45592239001204593,0.2795036008235786
TRANSFORMER,Fiji,123,2025,CROSS_ARCH_CROSS_SEED,1.8414557512791554,1.4785017846095792,0.36295396666957624
TRANSFORMER,Fiji,2025,42,CROSS_ARCH_CROSS_SEED,0.5445594335238704,0.5928415930995915,-0.04828215957572113
TRANSFORMER,Fiji,2025,123,CROSS_ARCH_CROSS_SEED,1.246655015408402,1.301505235289958,-0.05485021988155614
TRANSFORMER,Fiji,2025,2025,CROSS_ARCH_SAME_SEED_ID,0.4027767852737585,0.47612033522357905,-0.07334354994982056
TRANSFORMER,French Polynesia,42,42,CROSS_ARCH_SAME_SEED_ID,1.130845208051683,1.5747401084773998,-0.44389490042571667
TRANSFORMER,French Polynesia,42,123,CROSS_ARCH_CROSS_SEED,1.0835954759115847,1.250225411639396,-0.16662993572781137
TRANSFORMER,French Polynesia,42,2025,CROSS_ARCH_CROSS_SEED,1.5998127965773008,1.6744164271057984,-0.07460363052849761
TRANSFORMER,French Polynesia,123,42,CROSS_ARCH_CROSS_SEED,4.582212252745652,1.4471109557426451,3.1351012970030068
TRANSFORMER,French Polynesia,123,123,CROSS_ARCH_SAME_SEED_ID,1.1536779175871528,1.0076618146424063,0.14601610294474643
TRANSFORMER,French Polynesia,123,2025,CROSS_ARCH_CROSS_SEED,3.7326590197804412,1.7512975137543334,1.9813615060261078
TRANSFORMER,French Polynesia,2025,42,CROSS_ARCH_CROSS_SEED,1.9812991033585123,5.292806332128149,-3.3115072287696363
TRANSFORMER,French Polynesia,2025,123,CROSS_ARCH_CROSS_SEED,1.0777742226949407,0.946465162379831,0.1313090603151097
TRANSFORMER,French Polynesia,2025,2025,CROSS_ARCH_SAME_SEED_ID,3.149521121989538,3.5322935180296517,-0.3827723960401137
TRANSFORMER,Guam,42,42,CROSS_ARCH_SAME_SEED_ID,1.1783988734123838,1.178670095683884,-0.0002712222715002266
TRANSFORMER,Guam,42,123,CROSS_ARCH_CROSS_SEED,1.5911213130287065,1.8087041907715349,-0.21758287774282836
TRANSFORMER,Guam,42,2025,CROSS_ARCH_CROSS_SEED,0.9613506806880248,1.2511392190429609,-0.2897885383549361
TRANSFORMER,Guam,123,42,CROSS_ARCH_CROSS_SEED,1.6812733749278193,2.791622959222868,-1.1103495842950488
TRANSFORMER,Guam,123,123,CROSS_ARCH_SAME_SEED_ID,1.274296855719185,0.9620950695561761,0.31220178616300887
TRANSFORMER,Guam,123,2025,CROSS_ARCH_CROSS_SEED,1.2809662346131898,0.9625580826607972,0.3184081519523926
TRANSFORMER,Guam,2025,42,CROSS_ARCH_CROSS_SEED,1.207746865678155,1.6632892170358498,-0.45554235135769483
TRANSFORMER,Guam,2025,123,CROSS_ARCH_CROSS_SEED,0.9476087602855181,1.1812785560710775,-0.23366979578555935
TRANSFORMER,Guam,2025,2025,CROSS_ARCH_SAME_SEED_ID,0.5650843400994539,1.5149017037580501,-0.9498173636585963
TRANSFORMER,Lao People's Democratic Republic,42,42,CROSS_ARCH_SAME_SEED_ID,0.9200292154680948,0.7804220451172034,0.13960717035089143
TRANSFORMER,Lao People's Democratic Republic,42,123,CROSS_ARCH_CROSS_SEED,1.4488775168751005,1.5091311052397132,-0.0602535883646127
TRANSFORMER,Lao People's Democratic Republic,42,2025,CROSS_ARCH_CROSS_SEED,0.6125120605182428,0.622565636715049,-0.010053576196806246
TRANSFORMER,Lao People's Democratic Republic,123,42,CROSS_ARCH_CROSS_SEED,3.2069286050278123,3.315264926294323,-0.10833632126651072
TRANSFORMER,Lao People's Democratic Republic,123,123,CROSS_ARCH_SAME_SEED_ID,0.4683830912327383,0.5097008759829006,-0.04131778475016229
TRANSFORMER,Lao People's Democratic Republic,123,2025,CROSS_ARCH_CROSS_SEED,1.0093748423242948,1.0088450204587083,0.0005298218655864773
TRANSFORMER,Lao People's Democratic Republic,2025,42,CROSS_ARCH_CROSS_SEED,2.986906416293035,2.8457000696687897,0.14120634662424525
TRANSFORMER,Lao People's Democratic Republic,2025,123,CROSS_ARCH_CROSS_SEED,1.2727818583686727,1.1268069620198162,0.14597489634885652
TRANSFORMER,Lao People's Democratic Republic,2025,2025,CROSS_ARCH_SAME_SEED_ID,1.3420103763448616,1.350505037843114,-0.008494661498252398
TRANSFORMER,Malaysia,42,42,CROSS_ARCH_SAME_SEED_ID,0.510597616613757,0.5094735671536067,0.0011240494601503226
TRANSFORMER,Malaysia,42,123,CROSS_ARCH_CROSS_SEED,1.41989007983676,1.4683335311139223,-0.04844345127716232
TRANSFORMER,Malaysia,42,2025,CROSS_ARCH_CROSS_SEED,1.8399882537853711,1.8982396012855633,-0.05825134750019223
TRANSFORMER,Malaysia,123,42,CROSS_ARCH_CROSS_SEED,1.201625926385316,0.8114320529401579,0.3901938734451581
TRANSFORMER,Malaysia,123,123,CROSS_ARCH_SAME_SEED_ID,0.41316501322404076,0.409645664846187,0.0035193483778537815
TRANSFORMER,Malaysia,123,2025,CROSS_ARCH_CROSS_SEED,0.8463906531622227,1.1600601655409677,-0.31366951237874496
TRANSFORMER,Malaysia,2025,42,CROSS_ARCH_CROSS_SEED,1.790846413246401,1.7126129217598187,0.07823349148658232
TRANSFORMER,Malaysia,2025,123,CROSS_ARCH_CROSS_SEED,0.8316419453320822,1.2416766044830245,-0.4100346591509423
TRANSFORMER,Malaysia,2025,2025,CROSS_ARCH_SAME_SEED_ID,0.5885584648875966,1.3696185269488568,-0.7810600620612602
TRANSFORMER,Maldives,42,42,CROSS_ARCH_SAME_SEED_ID,0.5841163751858608,0.6128016145115646,-0.02868523932570377
TRANSFORMER,Maldives,42,123,CROSS_ARCH_CROSS_SEED,2.3987263139948976,2.3417458137496694,0.05698050024522816
TRANSFORMER,Maldives,42,2025,CROSS_ARCH_CROSS_SEED,2.235392748986261,2.249980142213983,-0.014587393227722067
TRANSFORMER,Maldives,123,42,CROSS_ARCH_CROSS_SEED,1.04649110163709,1.0437063882969482,0.0027847133401417423
TRANSFORMER,Maldives,123,123,CROSS_ARCH_SAME_SEED_ID,0.7055198059773651,0.6703649523367659,0.035154853640599226
TRANSFORMER,Maldives,123,2025,CROSS_ARCH_CROSS_SEED,4.353074658911013,4.2981998885980275,0.05487477031298571
TRANSFORMER,Maldives,2025,42,CROSS_ARCH_CROSS_SEED,0.9159772627054942,0.9002579521121294,0.015719310593364733
TRANSFORMER,Maldives,2025,123,CROSS_ARCH_CROSS_SEED,0.6797926085615338,1.9592426477830234,-1.2794500392214896
TRANSFORMER,Maldives,2025,2025,CROSS_ARCH_SAME_SEED_ID,0.7463448655617555,0.6576964025957205,0.08864846296603501
TRANSFORMER,Mexico,42,42,CROSS_ARCH_SAME_SEED_ID,0.9034156716266273,0.6081493187446962,0.29526635288193104
TRANSFORMER,Mexico,42,123,CROSS_ARCH_CROSS_SEED,0.9653586046188753,1.1010882614359156,-0.1357296568170403
TRANSFORMER,Mexico,42,2025,CROSS_ARCH_CROSS_SEED,1.526671562801083,1.4254027784891077,0.10126878431197528
TRANSFORMER,Mexico,123,42,CROSS_ARCH_CROSS_SEED,0.6542988850929068,1.0783858890296352,-0.4240870039367284
TRANSFORMER,Mexico,123,123,CROSS_ARCH_SAME_SEED_ID,0.6812643004242658,1.5265200134480135,-0.8452557130237477
TRANSFORMER,Mexico,123,2025,CROSS_ARCH_CROSS_SEED,1.7424002848421714,2.9026779745024185,-1.1602776896602471
TRANSFORMER,Mexico,2025,42,CROSS_ARCH_CROSS_SEED,0.6495343503790827,0.5877598920431919,0.06177445833589079
TRANSFORMER,Mexico,2025,123,CROSS_ARCH_CROSS_SEED,1.5526150125020246,1.5546066932450955,-0.0019916807430708783
TRANSFORMER,Mexico,2025,2025,CROSS_ARCH_SAME_SEED_ID,0.8342994367938111,0.6923791055055364,0.14192033128827475
TRANSFORMER,Mongolia,42,42,CROSS_ARCH_SAME_SEED_ID,0.4931100362889722,0.5776221664681113,-0.08451213017913906
TRANSFORMER,Mongolia,42,123,CROSS_ARCH_CROSS_SEED,1.3120858236516457,1.1172539488994984,0.19483187475214736
TRANSFORMER,Mongolia,42,2025,CROSS_ARCH_CROSS_SEED,0.8887998556795219,1.3398320486687947,-0.4510321929892728
TRANSFORMER,Mongolia,123,42,CROSS_ARCH_CROSS_SEED,1.9004906971764874,1.9393134192337043,-0.03882272205721682
TRANSFORMER,Mongolia,123,123,CROSS_ARCH_SAME_SEED_ID,1.4278100089040289,1.1697790283209626,0.2580309805830663
TRANSFORMER,Mongolia,123,2025,CROSS_ARCH_CROSS_SEED,3.0932315946997497,2.753856476607183,0.3393751180925668
TRANSFORMER,Mongolia,2025,42,CROSS_ARCH_CROSS_SEED,1.0943560491685378,0.8797783682589528,0.21457768090958496
TRANSFORMER,Mongolia,2025,123,CROSS_ARCH_CROSS_SEED,1.6432481754874793,1.9934606476129435,-0.35021247212546425
TRANSFORMER,Mongolia,2025,2025,CROSS_ARCH_SAME_SEED_ID,0.818559977058967,0.5679924555591224,0.2505675214998446
TRANSFORMER,Myanmar,42,42,CROSS_ARCH_SAME_SEED_ID,1.1622600809725858,1.0413434970740596,0.12091658389852622
TRANSFORMER,Myanmar,42,123,CROSS_ARCH_CROSS_SEED,1.560474778113219,1.451965057896316,0.1085097202169032
TRANSFORMER,Myanmar,42,2025,CROSS_ARCH_CROSS_SEED,1.7595360601770362,1.4464002965226244,0.31313576365441187
TRANSFORMER,Myanmar,123,42,CROSS_ARCH_CROSS_SEED,1.078608787134197,1.0522991290625523,0.026309658071644648
TRANSFORMER,Myanmar,123,123,CROSS_ARCH_SAME_SEED_ID,1.3517030239244392,0.5608444821334209,0.7908585417910183
TRANSFORMER,Myanmar,123,2025,CROSS_ARCH_CROSS_SEED,1.5589778661769451,1.756298584178271,-0.1973207180013259
TRANSFORMER,Myanmar,2025,42,CROSS_ARCH_CROSS_SEED,0.8045584986304636,0.8213613382676449,-0.01680283963718132
TRANSFORMER,Myanmar,2025,123,CROSS_ARCH_CROSS_SEED,2.263121274277824,2.2305933787388232,0.032527895539000706
TRANSFORMER,Myanmar,2025,2025,CROSS_ARCH_SAME_SEED_ID,0.2847034179234642,0.3083743450527832,-0.023670927129319008
TRANSFORMER,Nepal,42,42,CROSS_ARCH_SAME_SEED_ID,2.025420132609606,1.6213836930976988,0.40403643951190715
TRANSFORMER,Nepal,42,123,CROSS_ARCH_CROSS_SEED,0.772336096867326,0.7470852980789876,0.025250798788338358
TRANSFORMER,Nepal,42,2025,CROSS_ARCH_CROSS_SEED,0.552835045808653,0.5341485679323104,0.01868647787634259
TRANSFORMER,Nepal,123,42,CROSS_ARCH_CROSS_SEED,2.3936979818134354,2.0830420649565684,0.310655916856867
TRANSFORMER,Nepal,123,123,CROSS_ARCH_SAME_SEED_ID,0.9083600033527868,0.24092369112959883,0.6674363122231879
TRANSFORMER,Nepal,123,2025,CROSS_ARCH_CROSS_SEED,0.7082197331180309,0.497605212227712,0.2106145208903189
TRANSFORMER,Nepal,2025,42,CROSS_ARCH_CROSS_SEED,2.417882066636053,1.9623981252168852,0.45548394141916804
TRANSFORMER,Nepal,2025,123,CROSS_ARCH_CROSS_SEED,0.5937951545669172,1.0127654405757083,-0.41897028600879105
TRANSFORMER,Nepal,2025,2025,CROSS_ARCH_SAME_SEED_ID,0.7678951413738292,0.6499463011720426,0.11794884020178664
TRANSFORMER,New Caledonia,42,42,CROSS_ARCH_SAME_SEED_ID,0.397637834977315,0.38422515875901864,0.013412676218296338
TRANSFORMER,New Caledonia,42,123,CROSS_ARCH_CROSS_SEED,1.8444181081914468,1.8676349534670795,-0.023216845275632725
TRANSFORMER,New Caledonia,42,2025,CROSS_ARCH_CROSS_SEED,0.624863589897514,0.6344436928266044,-0.009580102929090395
TRANSFORMER,New Caledonia,123,42,CROSS_ARCH_CROSS_SEED,0.8058336413792107,1.2371898570024948,-0.4313562156232842
TRANSFORMER,New Caledonia,123,123,CROSS_ARCH_SAME_SEED_ID,0.4386093451307372,0.7618266050986815,-0.3232172599679443
TRANSFORMER,New Caledonia,123,2025,CROSS_ARCH_CROSS_SEED,1.4680601631733137,1.6627026000361163,-0.19464243686280258
TRANSFORMER,New Caledonia,2025,42,CROSS_ARCH_CROSS_SEED,1.078607538314084,1.1927419976303546,-0.11413445931627053
TRANSFORMER,New Caledonia,2025,123,CROSS_ARCH_CROSS_SEED,0.9589257138952829,1.0462644565936128,-0.08733874269832986
TRANSFORMER,New Caledonia,2025,2025,CROSS_ARCH_SAME_SEED_ID,0.3785073901376804,0.20564197305175425,0.17286541708592618
TRANSFORMER,New Zealand,42,42,CROSS_ARCH_SAME_SEED_ID,0.13726932412396886,0.12407348327404358,0.013195840849925283
TRANSFORMER,New Zealand,42,123,CROSS_ARCH_CROSS_SEED,1.2774290732126774,1.2530911612330524,0.024337911979624982
TRANSFORMER,New Zealand,42,2025,CROSS_ARCH_CROSS_SEED,2.01480137762232,2.0157452887135854,-0.0009439110912654591
TRANSFORMER,New Zealand,123,42,CROSS_ARCH_CROSS_SEED,1.6343551372301595,1.6148226155963488,0.019532521633810696
TRANSFORMER,New Zealand,123,123,CROSS_ARCH_SAME_SEED_ID,0.1494416999119748,0.10534311543146314,0.04409858448051167
TRANSFORMER,New Zealand,123,2025,CROSS_ARCH_CROSS_SEED,1.8807455367848314,1.9643110234592709,-0.08356548667443953
TRANSFORMER,New Zealand,2025,42,CROSS_ARCH_CROSS_SEED,1.1842921059179505,1.0437486301538041,0.14054347576414639
TRANSFORMER,New Zealand,2025,123,CROSS_ARCH_CROSS_SEED,1.1070862241721766,1.1117490727232613,-0.004662848551084675
TRANSFORMER,New Zealand,2025,2025,CROSS_ARCH_SAME_SEED_ID,0.27245416883729007,0.21356795963467373,0.058886209202616335
TRANSFORMER,Northern Mariana Islands,42,42,CROSS_ARCH_SAME_SEED_ID,0.4096884272219616,0.451727862937406,-0.04203943571544444
TRANSFORMER,Northern Mariana Islands,42,123,CROSS_ARCH_CROSS_SEED,0.4770077916646046,0.412267249616237,0.0647405420483676
TRANSFORMER,Northern Mariana Islands,42,2025,CROSS_ARCH_CROSS_SEED,3.5854788253364354,3.685208965242856,-0.09973013990642077
TRANSFORMER,Northern Mariana Islands,123,42,CROSS_ARCH_CROSS_SEED,0.48768104403956447,1.9601927942646347,-1.4725117502250702
TRANSFORMER,Northern Mariana Islands,123,123,CROSS_ARCH_SAME_SEED_ID,0.7217729921804071,0.5222965140212986,0.19947647815910852
TRANSFORMER,Northern Mariana Islands,123,2025,CROSS_ARCH_CROSS_SEED,0.649520726730817,0.7338111085696661,-0.08429038183884918
TRANSFORMER,Northern Mariana Islands,2025,42,CROSS_ARCH_CROSS_SEED,2.1111872365602906,1.9609128908734972,0.15027434568679343
TRANSFORMER,Northern Mariana Islands,2025,123,CROSS_ARCH_CROSS_SEED,0.6874951195270418,1.3907966596395303,-0.7033015401124885
TRANSFORMER,Northern Mariana Islands,2025,2025,CROSS_ARCH_SAME_SEED_ID,0.07580847245036347,0.1524963775793153,-0.07668790512895184
TRANSFORMER,Papua New Guinea,42,42,CROSS_ARCH_SAME_SEED_ID,0.3856476535440716,0.4740598325410126,-0.08841217899694098
TRANSFORMER,Papua New Guinea,42,123,CROSS_ARCH_CROSS_SEED,0.7838870255338964,0.6996858913854164,0.08420113414848007
TRANSFORMER,Papua New Guinea,42,2025,CROSS_ARCH_CROSS_SEED,0.9382851891681745,0.9609248546090432,-0.022639665440868706
TRANSFORMER,Papua New Guinea,123,42,CROSS_ARCH_CROSS_SEED,1.1249484032835253,1.4255787212434046,-0.30063031795987927
TRANSFORMER,Papua New Guinea,123,123,CROSS_ARCH_SAME_SEED_ID,0.5513316663667719,0.8987352734602728,-0.34740360709350093
TRANSFORMER,Papua New Guinea,123,2025,CROSS_ARCH_CROSS_SEED,1.181110926302402,1.1502055978183894,0.030905328484012617
TRANSFORMER,Papua New Guinea,2025,42,CROSS_ARCH_CROSS_SEED,1.9314229828398675,1.6854279678811543,0.24599501495871312
TRANSFORMER,Papua New Guinea,2025,123,CROSS_ARCH_CROSS_SEED,1.0263544060984005,1.3130357233787044,-0.286681317280304
TRANSFORMER,Papua New Guinea,2025,2025,CROSS_ARCH_SAME_SEED_ID,0.2274192283061698,0.07088011163493531,0.1565391166712345
TRANSFORMER,Philippines,42,42,CROSS_ARCH_SAME_SEED_ID,0.09077388354840671,0.08757875954774877,0.0031951240006579396
TRANSFORMER,Philippines,42,123,CROSS_ARCH_CROSS_SEED,0.4197043828723138,0.42804742371659726,-0.008343040844283445
TRANSFORMER,Philippines,42,2025,CROSS_ARCH_CROSS_SEED,1.2741322068442011,1.2990176076437097,-0.024885400799508517
TRANSFORMER,Philippines,123,42,CROSS_ARCH_CROSS_SEED,0.49029568889841335,0.5348607702398142,-0.0445650813414008
TRANSFORMER,Philippines,123,123,CROSS_ARCH_SAME_SEED_ID,0.19129236267775215,0.29784055179071894,-0.10654818911296679
TRANSFORMER,Philippines,123,2025,CROSS_ARCH_CROSS_SEED,0.3184022191057452,0.269559740084459,0.04884247902128619
TRANSFORMER,Philippines,2025,42,CROSS_ARCH_CROSS_SEED,1.3892673134574904,1.4452894484437133,-0.05602213498622288
TRANSFORMER,Philippines,2025,123,CROSS_ARCH_CROSS_SEED,0.7644288512001128,0.5097860527037944,0.25464279849631843
TRANSFORMER,Philippines,2025,2025,CROSS_ARCH_SAME_SEED_ID,1.2054300542794802,0.1338183139042103,1.0716117403752699
TRANSFORMER,Singapore,42,42,CROSS_ARCH_SAME_SEED_ID,0.1987380471194349,0.1547993328009317,0.043938714318503214
TRANSFORMER,Singapore,42,123,CROSS_ARCH_CROSS_SEED,1.8135210939418156,1.8584793314243981,-0.04495823748258254
TRANSFORMER,Singapore,42,2025,CROSS_ARCH_CROSS_SEED,1.3606299609218389,1.277100760303141,0.08352920061869784
TRANSFORMER,Singapore,123,42,CROSS_ARCH_CROSS_SEED,0.9457909883146947,1.080597441460537,-0.1348064531458424
TRANSFORMER,Singapore,123,123,CROSS_ARCH_SAME_SEED_ID,1.0434159917366357,1.1265897475795568,-0.08317375584292108
TRANSFORMER,Singapore,123,2025,CROSS_ARCH_CROSS_SEED,1.8232796068178379,1.7913728090148187,0.03190679780301919
TRANSFORMER,Singapore,2025,42,CROSS_ARCH_CROSS_SEED,1.5723850561019688,1.0101037453092454,0.5622813107927234
TRANSFORMER,Singapore,2025,123,CROSS_ARCH_CROSS_SEED,1.463637932814032,1.8670955385026797,-0.40345760568864764
TRANSFORMER,Singapore,2025,2025,CROSS_ARCH_SAME_SEED_ID,0.7722406082969677,0.6208335517199678,0.15140705657699993
TRANSFORMER,Sri Lanka,42,42,CROSS_ARCH_SAME_SEED_ID,0.5934739570641951,0.4901484227942045,0.10332553426999064
TRANSFORMER,Sri Lanka,42,123,CROSS_ARCH_CROSS_SEED,0.6890242687534368,0.7484032583036405,-0.05937898955020371
TRANSFORMER,Sri Lanka,42,2025,CROSS_ARCH_CROSS_SEED,1.0950805191922803,1.669913066286746,-0.5748325470944657
TRANSFORMER,Sri Lanka,123,42,CROSS_ARCH_CROSS_SEED,1.1536590059684586,1.5154507011702265,-0.3617916952017679
TRANSFORMER,Sri Lanka,123,123,CROSS_ARCH_SAME_SEED_ID,1.1379574995095691,0.22396773645675935,0.9139897630528098
TRANSFORMER,Sri Lanka,123,2025,CROSS_ARCH_CROSS_SEED,0.8874147602919574,1.1010552993919516,-0.21364053909999414
TRANSFORMER,Sri Lanka,2025,42,CROSS_ARCH_CROSS_SEED,1.1879067852768588,1.1147498329564036,0.07315695232045516
TRANSFORMER,Sri Lanka,2025,123,CROSS_ARCH_CROSS_SEED,1.2513106022138945,2.2851111357850336,-1.033800533571139
TRANSFORMER,Sri Lanka,2025,2025,CROSS_ARCH_SAME_SEED_ID,0.7899554598530573,0.7841805414427376,0.005774918410319629
TRANSFORMER,Switzerland,42,42,CROSS_ARCH_SAME_SEED_ID,0.6164839631728597,0.557120115801008,0.05936384737185174
TRANSFORMER,Switzerland,42,123,CROSS_ARCH_CROSS_SEED,1.3317191946662144,1.2464710162503032,0.08524817841591115
TRANSFORMER,Switzerland,42,2025,CROSS_ARCH_CROSS_SEED,1.263181400708404,1.159730342546535,0.10345105816186884
TRANSFORMER,Switzerland,123,42,CROSS_ARCH_CROSS_SEED,0.922790043541797,0.5985591352526657,0.32423090828913126
TRANSFORMER,Switzerland,123,123,CROSS_ARCH_SAME_SEED_ID,0.5173301777197153,0.7623709680384414,-0.24504079031872605
TRANSFORMER,Switzerland,123,2025,CROSS_ARCH_CROSS_SEED,0.9525819637082176,3.64912634590764,-2.6965443821994226
TRANSFORMER,Switzerland,2025,42,CROSS_ARCH_CROSS_SEED,0.9374375131855407,0.853918027309288,0.08351948587625269
TRANSFORMER,Switzerland,2025,123,CROSS_ARCH_CROSS_SEED,1.5071360078562208,1.0466042067073196,0.46053180114890124
TRANSFORMER,Switzerland,2025,2025,CROSS_ARCH_SAME_SEED_ID,2.2477232799393336,0.6704505364299373,1.5772727435093963
TRANSFORMER,Thailand,42,42,CROSS_ARCH_SAME_SEED_ID,2.0383896879641243,2.0760103248712864,-0.03762063690716211
TRANSFORMER,Thailand,42,123,CROSS_ARCH_CROSS_SEED,2.060683202987435,2.0761932353025863,-0.015510032315151356
TRANSFORMER,Thailand,42,2025,CROSS_ARCH_CROSS_SEED,1.3512228184772814,1.3155452201200701,0.03567759835721129
TRANSFORMER,Thailand,123,42,CROSS_ARCH_CROSS_SEED,1.8097576200857957,2.0887806043581825,-0.2790229842723868
TRANSFORMER,Thailand,123,123,CROSS_ARCH_SAME_SEED_ID,2.632341818552308,0.408018277219258,2.22432354133305
TRANSFORMER,Thailand,123,2025,CROSS_ARCH_CROSS_SEED,3.0051166442358355,1.1070199838417525,1.898096660394083
TRANSFORMER,Thailand,2025,42,CROSS_ARCH_CROSS_SEED,2.9856830892925297,1.6362625884097075,1.3494205008828222
TRANSFORMER,Thailand,2025,123,CROSS_ARCH_CROSS_SEED,0.7096020518681435,0.5804878945538228,0.12911415731432074
TRANSFORMER,Thailand,2025,2025,CROSS_ARCH_SAME_SEED_ID,0.8506158277714597,2.317605145150899,-1.4669893173794395
TRANSFORMER,Timor-Leste,42,42,CROSS_ARCH_SAME_SEED_ID,0.11543764611391415,0.10306767507834737,0.012369971035566779
TRANSFORMER,Timor-Leste,42,123,CROSS_ARCH_CROSS_SEED,0.7213649387603924,0.7223631465714422,-0.000998207811049756
TRANSFORMER,Timor-Leste,42,2025,CROSS_ARCH_CROSS_SEED,1.9104462719856803,1.9643184670171783,-0.05387219503149798
TRANSFORMER,Timor-Leste,123,42,CROSS_ARCH_CROSS_SEED,1.1868119670157153,1.3091350741477406,-0.12232310713202521
TRANSFORMER,Timor-Leste,123,123,CROSS_ARCH_SAME_SEED_ID,0.41263562617559163,0.48290274666995897,-0.07026712049436734
TRANSFORMER,Timor-Leste,123,2025,CROSS_ARCH_CROSS_SEED,1.8833143020804548,2.1571978482437526,-0.2738835461632978
TRANSFORMER,Timor-Leste,2025,42,CROSS_ARCH_CROSS_SEED,1.0284073697816727,1.05461520172106,-0.02620783193938725
TRANSFORMER,Timor-Leste,2025,123,CROSS_ARCH_CROSS_SEED,0.9852215396671925,0.4481323144855181,0.5370892251816743
TRANSFORMER,Timor-Leste,2025,2025,CROSS_ARCH_SAME_SEED_ID,0.3633398263490213,0.2472986966033609,0.11604112974566039
TRANSFORMER,United Kingdom of Great Britain and Northern Ireland,42,42,CROSS_ARCH_SAME_SEED_ID,0.8734179688907338,0.9026328264181372,-0.029214857527403493
TRANSFORMER,United Kingdom of Great Britain and Northern Ireland,42,123,CROSS_ARCH_CROSS_SEED,1.4555412650660764,1.3664327931195512,0.08910847194652516
TRANSFORMER,United Kingdom of Great Britain and Northern Ireland,42,2025,CROSS_ARCH_CROSS_SEED,1.3604616802493785,1.4536194112442218,-0.09315773099484326
TRANSFORMER,United Kingdom of Great Britain and Northern Ireland,123,42,CROSS_ARCH_CROSS_SEED,1.1835055645528083,1.5786830321807122,-0.39517746762790384
TRANSFORMER,United Kingdom of Great Britain and Northern Ireland,123,123,CROSS_ARCH_SAME_SEED_ID,0.778092727170943,0.3248828581993199,0.45320986897162313
TRANSFORMER,United Kingdom of Great Britain and Northern Ireland,123,2025,CROSS_ARCH_CROSS_SEED,1.2590178631663282,1.2172469124582748,0.04177095070805348
TRANSFORMER,United Kingdom of Great Britain and Northern Ireland,2025,42,CROSS_ARCH_CROSS_SEED,1.6157556684330492,1.129252020779105,0.48650364765394416
TRANSFORMER,United Kingdom of Great Britain and Northern Ireland,2025,123,CROSS_ARCH_CROSS_SEED,1.058962353573492,0.821110329432826,0.23785202414066597
TRANSFORMER,United Kingdom of Great Britain and Northern Ireland,2025,2025,CROSS_ARCH_SAME_SEED_ID,1.0635761653096965,0.9098859737987566,0.15369019151093988
TRANSFORMER,Viet Nam,42,42,CROSS_ARCH_SAME_SEED_ID,0.8579169966950765,0.5434593641185521,0.31445763257652437
TRANSFORMER,Viet Nam,42,123,CROSS_ARCH_CROSS_SEED,0.5420045665724817,0.579581761008622,-0.03757719443614027
TRANSFORMER,Viet Nam,42,2025,CROSS_ARCH_CROSS_SEED,0.902027558106884,0.5652466025257682,0.33678095558111576
TRANSFORMER,Viet Nam,123,42,CROSS_ARCH_CROSS_SEED,1.5844974479208842,1.8179604940177343,-0.2334630460968501
TRANSFORMER,Viet Nam,123,123,CROSS_ARCH_SAME_SEED_ID,0.17415439406493938,0.6669780283771384,-0.492823634312199
TRANSFORMER,Viet Nam,123,2025,CROSS_ARCH_CROSS_SEED,0.6665772187412985,1.4211797727067121,-0.7546025539654136
TRANSFORMER,Viet Nam,2025,42,CROSS_ARCH_CROSS_SEED,1.7511409704227063,1.445140579449753,0.3060003909729534
TRANSFORMER,Viet Nam,2025,123,CROSS_ARCH_CROSS_SEED,0.6908262039364804,0.6622165828299545,0.028609621106525873
TRANSFORMER,Viet Nam,2025,2025,CROSS_ARCH_SAME_SEED_ID,0.3437679096560289,0.3888785368449868,-0.04511062718895792
