series_id,stratum,series_dir,valid_seed_runs,median_MAE,median_RMSE,median_SMAPE,median_R2,MAE_complete,RMSE_complete,SMAPE_complete,R2_complete,forecast_metric_source,read_only_inference_required,mechanism_boundary
Australia,WHO,australia,3,24057.37880597796,80349.19874955647,78.49717390563666,0.553783497848974,TRUE,TRUE,TRUE,TRUE,persisted TP2M5B per-seed metrics.csv,NO,NO
Austria,WHO,austria,3,886.9011361258371,1649.563353364569,21.525998794791885,0.5938447884943129,TRUE,TRUE,TRUE,TRUE,persisted TP2M5B per-seed metrics.csv,NO,NO
Bangladesh,WHO,bangladesh,3,106.48891122000558,158.92508652225715,18.259945820029465,0.8830305759116546,TRUE,TRUE,TRUE,TRUE,persisted TP2M5B per-seed metrics.csv,NO,NO
Bhutan,WHO,bhutan,3,4.353334652526038,15.324308044699556,134.05081897497126,0.0444124683194665,TRUE,TRUE,TRUE,TRUE,persisted TP2M5B per-seed metrics.csv,NO,NO
Brunei Darussalam,WHO,brunei_darussalam,3,6.144406114305768,8.201767592837388,57.39007050132268,0.3540067436160778,TRUE,TRUE,TRUE,TRUE,persisted TP2M5B per-seed metrics.csv,NO,NO
Cambodia,WHO,cambodia,3,4.606701748711722,5.870520766391941,45.26700950766025,0.2224299807236964,TRUE,TRUE,TRUE,TRUE,persisted TP2M5B per-seed metrics.csv,NO,NO
China,WHO,china,3,42.66866847446987,53.91478339870023,23.83173291099025,0.3449132198429617,TRUE,TRUE,TRUE,TRUE,persisted TP2M5B per-seed metrics.csv,NO,NO
Fiji,WHO,fiji,3,130.31625376428877,215.9740552727429,90.95865699981918,0.2692371734554547,TRUE,TRUE,TRUE,TRUE,persisted TP2M5B per-seed metrics.csv,NO,NO
French Polynesia,WHO,french_polynesia,3,19.508042209914752,33.48923374415167,156.6491529949934,0.445718722979932,TRUE,TRUE,TRUE,TRUE,persisted TP2M5B per-seed metrics.csv,NO,NO
Guam,WHO,guam,3,45.44271152360098,90.61277310857275,126.75315663212936,-1.8353637825296207,TRUE,TRUE,TRUE,TRUE,persisted TP2M5B per-seed metrics.csv,NO,NO
Lao People's Democratic Republic,WHO,lao_people_s_democratic_republic,3,218.3777509416853,270.38084201559866,21.46057270595859,0.0938165346423476,TRUE,TRUE,TRUE,TRUE,persisted TP2M5B per-seed metrics.csv,NO,NO
Malaysia,WHO,malaysia,3,233.9473528180804,335.2339049064377,6.812340986787356,0.5632605815571254,TRUE,TRUE,TRUE,TRUE,persisted TP2M5B per-seed metrics.csv,NO,NO
Maldives,WHO,maldives,3,40.76623562404088,56.00267946595148,20.450503489922884,0.6097975331294305,TRUE,TRUE,TRUE,TRUE,persisted TP2M5B per-seed metrics.csv,NO,NO
Mexico,WHO,mexico,3,3021.891972133092,5126.490499623725,22.566774356041265,0.8528812639896366,TRUE,TRUE,TRUE,TRUE,persisted TP2M5B per-seed metrics.csv,NO,NO
Mongolia,WHO,mongolia,3,363.4688132149832,551.6871131845255,39.30116471844722,0.5019200829520108,TRUE,TRUE,TRUE,TRUE,persisted TP2M5B per-seed metrics.csv,NO,NO
Myanmar,WHO,myanmar,3,54.15574019295829,67.79702785678877,29.27777222522424,0.080093073602649,TRUE,TRUE,TRUE,TRUE,persisted TP2M5B per-seed metrics.csv,NO,NO
Nepal,WHO,nepal,3,86.76753180367606,143.33610930304437,23.22780398156628,0.6812497034785223,TRUE,TRUE,TRUE,TRUE,persisted TP2M5B per-seed metrics.csv,NO,NO
New Caledonia,WHO,new_caledonia,3,23.464302267347065,33.43431486578946,118.96887059300435,-0.1696148343890915,TRUE,TRUE,TRUE,TRUE,persisted TP2M5B per-seed metrics.csv,NO,NO
New Zealand,WHO,new_zealand,3,18.53724139077323,26.691011188063428,35.40477456508846,-0.2147781898285927,TRUE,TRUE,TRUE,TRUE,persisted TP2M5B per-seed metrics.csv,NO,NO
Northern Mariana Islands,WHO,northern_mariana_islands,3,27.84023802621024,37.26789264320349,45.86911409353526,-0.3053860787254494,TRUE,TRUE,TRUE,TRUE,persisted TP2M5B per-seed metrics.csv,NO,NO
Palau,WHO,palau,3,0.7141492960176298,1.6036766740896264,87.65834552700163,-0.0041208356648536,TRUE,TRUE,TRUE,TRUE,persisted TP2M5B per-seed metrics.csv,NO,YES
Papua New Guinea,WHO,papua_new_guinea,3,18.90033691270011,24.59903845090084,119.95744818103331,-0.2652947575039568,TRUE,TRUE,TRUE,TRUE,persisted TP2M5B per-seed metrics.csv,NO,NO
Philippines,WHO,philippines,3,2945.6603715079173,5608.730131729475,68.03794995808451,0.6654799447522481,TRUE,TRUE,TRUE,TRUE,persisted TP2M5B per-seed metrics.csv,NO,NO
Singapore,WHO,singapore,3,95.71096311296736,136.23320546366006,21.31814279082013,0.6037499668747139,TRUE,TRUE,TRUE,TRUE,persisted TP2M5B per-seed metrics.csv,NO,NO
Sri Lanka,WHO,sri_lanka,3,366.0759560721261,504.8465885873239,59.17383269353029,-0.3922987378750606,TRUE,TRUE,TRUE,TRUE,persisted TP2M5B per-seed metrics.csv,NO,NO
Switzerland,WHO,switzerland,3,2118.956298828125,3137.7556335604386,13.149148884083068,0.8469495673187536,TRUE,TRUE,TRUE,TRUE,persisted TP2M5B per-seed metrics.csv,NO,NO
Thailand,WHO,thailand,3,531.0776890345982,849.6653391981357,12.4006395326857,0.7937125319014926,TRUE,TRUE,TRUE,TRUE,persisted TP2M5B per-seed metrics.csv,NO,NO
Timor-Leste,WHO,timor_leste,3,1.28184553448643,2.246314361616074,159.7014695050962,-0.0468398300034034,TRUE,TRUE,TRUE,TRUE,persisted TP2M5B per-seed metrics.csv,NO,NO
United Kingdom of Great Britain and Northern Ireland,WHO,united_kingdom_of_great_britain_and_northern_ireland,3,23621.751813616072,31141.69413633604,16.43091720670567,0.731977707624556,TRUE,TRUE,TRUE,TRUE,persisted TP2M5B per-seed metrics.csv,NO,NO
Vanuatu,WHO,vanuatu,3,0.0422840898723474,0.0739318816687879,121.42853447350616,NA,TRUE,TRUE,TRUE,FALSE,persisted TP2M5B per-seed metrics.csv,NO,NO
Viet Nam,WHO,viet_nam,3,4712.999232700893,6429.957593884384,28.103894694473503,-1.3706946150015784,TRUE,TRUE,TRUE,TRUE,persisted TP2M5B per-seed metrics.csv,NO,NO
T7,Electricity,t7,3,24.409676688058035,30.285356618745272,6.26962169275057,0.55768851309596,TRUE,TRUE,TRUE,TRUE,persisted TP2M5B per-seed metrics.csv,NO,NO
T314,Electricity,t314,3,207086.55357142855,270390.83886187524,4.775751546482893,0.7194848515779061,TRUE,TRUE,TRUE,TRUE,persisted TP2M5B per-seed metrics.csv,NO,NO
T118,Electricity,t118,3,114.24332101004464,159.52607133782936,1.57702650585747,0.5724083335476027,TRUE,TRUE,TRUE,TRUE,persisted TP2M5B per-seed metrics.csv,NO,YES
T108,Electricity,t108,3,323.0379159109933,460.3841997134488,21.109760557014734,0.7159819822203091,TRUE,TRUE,TRUE,TRUE,persisted TP2M5B per-seed metrics.csv,NO,NO
T84,Electricity,t84,3,954.0829598563058,1260.062547480735,46.76152907520248,0.6114354774190085,TRUE,TRUE,TRUE,TRUE,persisted TP2M5B per-seed metrics.csv,NO,NO
T106,Electricity,t106,3,853.3497619628906,1374.7478279115426,23.031323903397656,0.7687637793913802,TRUE,TRUE,TRUE,TRUE,persisted TP2M5B per-seed metrics.csv,NO,NO
T318,Electricity,t318,3,106.50303431919644,133.83898890479637,7.378185990415384,0.7559148452105122,TRUE,TRUE,TRUE,TRUE,persisted TP2M5B per-seed metrics.csv,NO,NO
T82,Electricity,t82,3,2174.973022460937,2677.263490477641,19.08706986055024,0.7213760650838044,TRUE,TRUE,TRUE,TRUE,persisted TP2M5B per-seed metrics.csv,NO,NO
T128,Electricity,t128,3,654.911376953125,806.107462055144,8.161031188343904,0.8141761857346448,TRUE,TRUE,TRUE,TRUE,persisted TP2M5B per-seed metrics.csv,NO,NO
T129,Electricity,t129,3,14975.4765625,23320.845064454083,7.068766171120725,0.3741386417512239,TRUE,TRUE,TRUE,TRUE,persisted TP2M5B per-seed metrics.csv,NO,NO
T104,Electricity,t104,3,3296.0576520647323,4594.365090923249,13.587561234317937,0.7195503351236887,TRUE,TRUE,TRUE,TRUE,persisted TP2M5B per-seed metrics.csv,NO,NO
T85,Electricity,t85,3,499.91495622907365,620.3603602747294,20.91096424586442,0.4037439908428301,TRUE,TRUE,TRUE,TRUE,persisted TP2M5B per-seed metrics.csv,NO,NO
T86,Electricity,t86,3,165.94383675711495,286.85289007793784,11.854900875862354,0.8394192485741956,TRUE,TRUE,TRUE,TRUE,persisted TP2M5B per-seed metrics.csv,NO,NO
T135,Electricity,t135,3,469.029279436384,725.7385003035214,4.967164488084697,0.9330448160273614,TRUE,TRUE,TRUE,TRUE,persisted TP2M5B per-seed metrics.csv,NO,NO
T144,Electricity,t144,3,635.2984095982143,802.0892123690023,4.30716532453569,0.0005893102256941,TRUE,TRUE,TRUE,TRUE,persisted TP2M5B per-seed metrics.csv,NO,NO
T20,Electricity,t20,3,189.85920061383928,234.48313030309143,6.884823559187465,0.5828317507376852,TRUE,TRUE,TRUE,TRUE,persisted TP2M5B per-seed metrics.csv,NO,NO
T234,Electricity,t234,3,4864.496651785715,6544.812940619426,2.762206287779007,0.7763172450855244,TRUE,TRUE,TRUE,TRUE,persisted TP2M5B per-seed metrics.csv,NO,NO
T115,Electricity,t115,3,45.09330313546317,78.62474359184331,6.086073790822111,-2.164113437038459,TRUE,TRUE,TRUE,TRUE,persisted TP2M5B per-seed metrics.csv,NO,NO
T3,Electricity,t3,3,4.554260798863003,6.026355889495017,2.350169853474316,-0.1020902187176855,TRUE,TRUE,TRUE,TRUE,persisted TP2M5B per-seed metrics.csv,NO,NO
T30,Electricity,t30,3,653.5072152273996,833.4101756139058,16.784443522358618,0.7791730492126743,TRUE,TRUE,TRUE,TRUE,persisted TP2M5B per-seed metrics.csv,NO,NO
T208,Electricity,t208,3,150.43317522321428,200.5723145731514,2.250785940457,0.2295594429298253,TRUE,TRUE,TRUE,TRUE,persisted TP2M5B per-seed metrics.csv,NO,NO
T316,Electricity,t316,3,20813.27901785714,29943.380632007884,5.241910011817303,-0.2204941532892417,TRUE,TRUE,TRUE,TRUE,persisted TP2M5B per-seed metrics.csv,NO,NO
T249,Electricity,t249,3,654.4749581473214,855.982309110716,2.733688084981458,0.4360805064610885,TRUE,TRUE,TRUE,TRUE,persisted TP2M5B per-seed metrics.csv,NO,NO
T133,Electricity,t133,3,1712.045375279018,2066.4263981190093,8.233247896742098,0.9432723134622248,TRUE,TRUE,TRUE,TRUE,persisted TP2M5B per-seed metrics.csv,NO,NO
T224,Electricity,t224,3,739.0955636160714,878.8329900511455,2.795195780404278,-0.2023076722407732,TRUE,TRUE,TRUE,TRUE,persisted TP2M5B per-seed metrics.csv,NO,NO
T11,Electricity,t11,3,118.34907749720982,141.9964523330166,3.348476838310065,0.5504589217173532,TRUE,TRUE,TRUE,TRUE,persisted TP2M5B per-seed metrics.csv,NO,NO
T125,Electricity,t125,3,460.5055803571428,680.828524316646,2.770391814731098,0.9678242984870628,TRUE,TRUE,TRUE,TRUE,persisted TP2M5B per-seed metrics.csv,NO,NO
T26,Electricity,t26,3,223.70314243861608,300.25273196255773,2.9355528459515954,0.979152681544441,TRUE,TRUE,TRUE,TRUE,persisted TP2M5B per-seed metrics.csv,NO,NO
T2,Electricity,t2,3,41.04656110491072,54.24150049658292,1.4903497017701313,0.2594957826438923,TRUE,TRUE,TRUE,TRUE,persisted TP2M5B per-seed metrics.csv,NO,NO
T95,Electricity,t95,3,2103.233258928572,2901.1801841791453,3.815653409680253,0.6438323556569883,TRUE,TRUE,TRUE,TRUE,persisted TP2M5B per-seed metrics.csv,NO,NO
T100,Electricity,t100,3,533.4415631975446,740.2065385731274,8.936125919193168,0.4323657065587346,TRUE,TRUE,TRUE,TRUE,persisted TP2M5B per-seed metrics.csv,NO,NO
T107,Electricity,t107,3,561.8306797572544,670.5466611382933,15.938313476974416,0.9274477676249504,TRUE,TRUE,TRUE,TRUE,persisted TP2M5B per-seed metrics.csv,NO,NO
T1,Electricity,t1,3,361.5854699271066,493.700823285594,43.96063679592323,0.3474155381978725,TRUE,TRUE,TRUE,TRUE,persisted TP2M5B per-seed metrics.csv,NO,NO
T60,Electricity,t60,3,563.8014787946429,717.8171067057825,4.627188147571356,0.4198129825641307,TRUE,TRUE,TRUE,TRUE,persisted TP2M5B per-seed metrics.csv,NO,NO
T321,Electricity,t321,3,2274.342215401786,2700.814727438157,3.0962241740130354,0.7539448089947686,TRUE,TRUE,TRUE,TRUE,persisted TP2M5B per-seed metrics.csv,NO,NO
T237,Electricity,t237,3,36320.861607142855,48405.57908034194,3.239166687676156,0.1035976568323223,TRUE,TRUE,TRUE,TRUE,persisted TP2M5B per-seed metrics.csv,NO,NO
T134,Electricity,t134,3,7618.633370535715,9141.766541558449,3.4554188060145146,0.796064771076922,TRUE,TRUE,TRUE,TRUE,persisted TP2M5B per-seed metrics.csv,NO,NO
Kaohsiung City,Dengue,kaohsiung_city,3,5.9438066482543945,7.329579199478459,19.451353290347303,0.4264893614749592,TRUE,TRUE,TRUE,TRUE,persisted TP2M5B per-seed metrics.csv,NO,NO
New Taipei City,Dengue,new_taipei_city,3,1.1771447168929237,1.3737658849415029,89.12633403800834,-0.3070586943438362,TRUE,TRUE,TRUE,TRUE,persisted TP2M5B per-seed metrics.csv,NO,NO
Pingtung County,Dengue,pingtung_county,3,1.8443081549235756,2.308879564239545,34.37887674299896,-0.2224173958045585,TRUE,TRUE,TRUE,TRUE,persisted TP2M5B per-seed metrics.csv,NO,NO
Taichung City,Dengue,taichung_city,3,0.7898958048650196,0.9593432393042858,154.09725722308426,-0.2816094661212978,TRUE,TRUE,TRUE,TRUE,persisted TP2M5B per-seed metrics.csv,NO,NO
Tainan City,Dengue,tainan_city,3,44.73834337506975,56.6095409444392,24.815602550240893,-0.2859586521371848,TRUE,TRUE,TRUE,TRUE,persisted TP2M5B per-seed metrics.csv,NO,NO
Taipei City,Dengue,taipei_city,3,0.7594661457198006,0.8943047020131162,124.05290738815518,-0.4684501771277063,TRUE,TRUE,TRUE,TRUE,persisted TP2M5B per-seed metrics.csv,NO,NO
Yunlin County,Dengue,yunlin_county,3,2.680932206766946,3.182816029895258,58.7343060053437,-0.2388346931904599,TRUE,TRUE,TRUE,TRUE,persisted TP2M5B per-seed metrics.csv,NO,NO
